;google;youtube;baidu;qq;facebook;tmall;taobao;yahoo;amazon;wikipedia;360;weibo;reddit;instagram;microsoft;bing;twitter;ebay;naver;aliexpress;yandex;apple;pornhub;stackoverflow;tribunnews;imdb;chaturbate;xvideos;github;etsy;sogou;espn;detik;booking;cnblogs;alibaba;freepik;nih;stackexchange;daum;craigslist;duckduckgo;aliyun;gome;xnxx;w3schools;slideshare;globo;tistory;varzesh3;wikihow;office365;bukalapak;ask;intuit;usps;redd;steamcommunity;deepl;bankofamerica;airbnb;wikimedia;blackboard;steampowered;investopedia;kakao;dbs;ecosia;chinaz;turkiye;europa;dcinside;elfagr;news18;fivethirtyeight;bandcamp;123rf;smartsheet;allrecipes;commbank;jf71qh5v14;tdameritrade;ci123;caf;stanford;b2b168;4shared;baskino;etrade;lifewire;yixiin;fmovies;gotporn;klix;gitlab;cima4u;cyberleninka;shippingchina;las2orillas;tnaflix;elyamnelaraby;vectorstock;php;19888;indosport;dailypost;uspto;dy2018;win-rar;acfun;doc88;postermywall;hangseng;animixplay;npmjs;9anime;9anime.1;zdf;asurascans;knowyourmeme;listindiario;24h;csod;sfgate;cjdropshipping;searchmulty;haibunda;mostaghelonline;itau;moniban;boyfriendtv;gogoanime;mydailymagazine;givemesport;akhbarelyom;manganato;tim;jiwu;limestart;thumbzilla;agenziaentrate;commentcamarche;ashemaletube;republicworld;rei;powerapp;sportzwiki;startpage;warcraftlogs;techtudo;aldar;guru99;dhl;eluniversal;worldstarhiphop;suumo;javhdporn;vlive;arynews;agemys;ixxx;wetter;interieur;idealo;shiprocket;arca;ap;nsw;elmwatin;pornhd;w3;redwap;arzdigital;3isk;uefa;julian-fashion;psu;watanserb;igg-games;khabarvarzeshi;groww;jagranjosh;zaful;hdrezka;kinsta;akurat;gogoanime.1;mangaraw;virgilio;amarujala;focus;iz;monografias;playground;excite;berkeley;khabarfarsi;searchdimension;tv9telugu;po-kaki-to;acs;3isk.1;gogoanime.2;tebyan;nesn;e621;prensalibre;adyen;areavip;lg;exey;docker;whois;pochta;thoughtco;windy;royanews;yourdailysportfix;sagepub;shayanews;javbus;gogoanime.3;2ch-c;tasnimnews;kat;ck365;euronews;dev;btctrademart;ampproject;fajar;rolloid;shahed4u;etheplatinum;nifty;thebalancecareers;fatosdesconhecidos;eanswers;mcls;shahed4u.1;nqrkzcd7ixwr;furaffinity;51pla;meteofrance;pc6;torrent9;calculator;ig;news19;64p3am9x95ct;hi;resumersvo;pirateproxy;diguver;in;18comic;joq;thebalance;d72gb9oukw3j;steamdb;ws1xr1u2b4;to10;maktoob;iefimerida;fuq;discovercard;nsfc;pianshen;internshala;elfagr.1;biggo;le360;zulily;chinaso;kooora365;pornez;ew;codelist;www;wetteronline;besoccer;sarcasm;zaobao;pornmd;4movierulz;pron;zimbio;duosecurity;faithtap;windows;usembassy;bd-pratidin;ulta;pornhat;fanpage;ilfattoquotidiano;weakstreams;alanba;dailypakistan;notjustok;bestjavporn;hunter;7movierulz;rvcj;wa;masrawy;vid;beauty321;q6idnawboy7g;movieweb;leo;hrblock;letmejerk;keezmovies;westernjournalism;mxss;searchlock;popbela;pishnahadevizheh;sunporno;arstechnica;skynewsarabia;secnews;eztv;ero-video;leagueofgraphs;openai;letour;usmagazine;sworld;nudevista;careerbuilder;ssl2anyone3;3movierulz;nikkansports;newgrounds;fitbit;playjunkie;torrent9.1;unblocked;tsite;higherperspectives;workercn;yupptv;actblue;gimy;yt5s;thefappeningblog;arabi21;sec;searchengines;watchfreejavonline;dim;filmweb;myfonts;sarvgyan;hostgator;opensubtitles;fanli;gostream;y2meta;thisav;divxtotal3;investors;filesonic;ilividnewtab;covid-19-testingkit;orient;tueren-fachhandel;javdb39;elitetorrent;iwank;finn;paheal;mybeautyland;kaiserpermanente;hsbianma;sedo;edf;sbnation;download-adblock;darty;blackberry;probux;licindia;0123movie;peardeck;redditmedia;bestmining;agadirinfo;upworthy;pardot;6park;insideevs;ufreegames;sexbjcam;channelmyanmar;activecampaign;aftodioikisi;soccer24;photokade;wenxuecity;iflscience;bestdealfor28;elecfans;uptvs;mangafox;careers360;denverpost;opendns;opensiteexplorer;club-k;travelermaster;porntube;beautifultrendstoday;pornerbros;salesloft;majesticseo;sportbox;searchengineland;xitongcheng;ukcontentdelivery;aswaqinformation;largeporntube;pudding;geihui;123movies;17zwd;smashingmagazine;jobartis;societegenerale;corporatefinanceinstitute;gib;kongfz;celine;everydaykoala;nipic;livingsocial;anahwa;xvideos2;7movierulz.1;ccn;yalla-shoot-new;guj5;imzog;khabarnama;pptvhd36;20minutes;upmedia;mybookie;taroot-rangi;quicklisti;sexseq;verycd;glosbe;aglasem;ubuntu;rule34video;mtv;donanimhaber;injuredcandy;pussl18;etudiant;cr447;tubegalore;linkvertise;jbhifi;olevod;sergey-mavrodi;newsd;sketchfab;stardewvalleywiki;tamilrockers;bigbasket;netacad;espnfc;thoughclassifiedjeff;youtu;webhostingtalk;searchalgo;bkrs;all-free-download;4movierulz.1;viralnova;vavel;diretta;hdrezka.1;simplilearn;yeus;ixl;xmtrading;dpreview;sfwaa;freefilefillableforms;gazetadopovo;zk;bestblackfriday;wiocha;oreno-erohon;perezhilton;navyfederal;uploading;tcs;serverfault;ctitv;puma;voachinese;freeones;xhamsterpremium;interactivebrokers;bseindia;weheartit;hochi;ligueimovel;18183;tuberel;mobfactory;empflix;1plus1;mycricketlive;softfamous;nhadatso;xm;jogos360;dyndns;doramatv;onliner;ellechina;woothemes;programiz;slidesgo;thegospelcoalition;localgirldating;naijaloaded;fashionnova;dmhy;hyves;tennessean;ucloud;ic;pcworld;her-news;setareparsi;russianfood;mql5;lauriegrowingdrops;dontorrent;coolmathgames;trovi;wapwon;pleasedbeginparish;educacao;chefkoch;usa;hibasport;pornhost;arvancloud;dunia21;dicio;bonanza;gov;alot;jp;ibtimes;pornhdvideos;alarab;fanpop;thomann;bunshun;gaoding;hentai-time;launchpage;asg;ces;gidonline;liftable;sopitas;goodporn;sxc;admtpmp127;betterex;check24;mbank;schema;justindianporn;spyfu;covidvisualizer;dreamhost;belgium;todayhumor;ibtimes.1;4udear;5i8xkqjmqubv;hongkiat;themoviedb;pornmedium;apherald;twindiversity;chime;seobook;pingone;microcenter;tv-links;nyaa;moviesjoy;books;storyblocks;chittorgarh;unblocked.1;6movierulz;citibank;jamaran;letpub;gamingwonderland;01net;sidereel;plugrush;falafelandcaviar;almashhad-alyemeni;financialexpress;anyporn;serebii;1movierulz;how01;pretagteam;molodgytot;razer;browserquote;jra;buedemusica;ilna;iconfinder;plesk;thespruce;lollipop-network;mostkbal;7movierulz.2;theringer;bhj1;powerschool;xxxhdvideo;astercom;aufeminin;marieclaire;jmcomic;fortinet;basketball24;alriyadh;porn24;technorati;milenio;afternic;justporno;er;prweb;999;sexkbj;egotastic;proquest;ah-me;wikimapia;bank-zone;jiayuan;wkzf;canaltutorial;natro;cp;hellporno;altibbi;nbg;brstej;ct10000;anysex;eurovision;hentaihaven;folkd;wowprogress;khoondanionline;movies2watch;3bmeteo;sportzbonanza;kmart;fillsitsy;yingjiesheng;websiteseochecker;movistarplus;mayoclinic;sbi;healthdata;markosweb;coolors;hotpoptoday;tickld;iq;bradesco;5movierulz;mmbang;jiomart;fzg360;dontorrent.1;tuasaude;alsbbora;ovh;kizi;al-marsd;tagdiv;imna;ryzex;1xbet-164837;jomys;royal;senate;filgoal;statmyweb;tweaktown;exceptingincludedelivering;babyshop;unblocked.2;kuai8;cima4u.1;freesion;archlinux;andcareyo;molebeagleheadless;masslistener;news-sphere;utoronto;nflstreams;diagrams;cryptoplace;luxuretv;suite101;default-search;eadingenered;onemanga;manga9;yyets;icij;radiotimes;shentai;searchengines.1;tigerdirect;7movierulz.3;auchan;letassigne;govome;heroturko;weaplay;coulderlyy;tovima;wn;bina;kino;grella;al-maraabimedias;mocah;torrentwiz1;moretify;sufficulumcu;tu;letyshops;latam;gbfile;maturetubehere;mmamania;trafficunit;worldbank;angovagas;kwork;dontorrent.2;hearthstonetopdecks;turkmenistanhabar;investorplace;stagram;dygang;123movies.1;aps;loveplanet;yts-subs;velsoftwa;planetsuzy;cashstar;vijesti;neosportek8;badjojo;influencermarketinghub;porntop;fosshub;earthday;bmony;naijanews;mojnews;deutsche-bank;yoo7;bottegaveneta;autoproyecto;ecrater;slideplayer;notebookcheck;movierulzfree;instant-gaming;football3;xxxcomics;colorado;m5zn;seb;vietxx;watchseries;avaxhome;grumbleoh;filmstreaming2;websta;snickgainfulmuch;qwant;znzmo;filmibeat;3file;mybeautylands;gobookee;santander;metbugat;subf2m;surveyflsh;niksalehi;forosdelweb;jmcomic.1;textile;messyster;oureviewi;islcollective;fishcod;ficanportio;fmovies.1;skat;inis;foxcdn;mediaoffers;nyc;btcmanager;domestika;seoclerk;1001jogos;jacquielawson;thairath;taskthesa;misrjournal;life;comicat;yhdmw;123greetings;dygod;sportsala;thegudda;eyourcom;deferscoop;wgu;tronglyre;teamliquid;dunia21.1;moe;maandhave;recommendationletters;bdpcc;2checkout;9to5mac;levi;lassuranceretraite;xataka;nationwide;kbhgames;podbean;lenglishiam;jsoftj;thevintagenews;gaymaletube;giggsyunited;angola24horas;ntv;amateur8;leninetudo;5movierulz.1;fgov;sourcecodester;msdmanuals;javdb36;bauhaus;oomall;sciencemag;anentryle;clubic;irrawaddy;virgool;decolar;parsijoo;ac-versailles;patagonia;anightsregalia;dygang.1;ftc;joemonster;pearsonvue;bjeea;balenciaga;4movierulz.2;onlyfreetoonporn;slashgear;povar;unza;trendymalldeals;distemshu;jetboobs;infocert;dafiti;tax;hotsale;asianembed;futebolplayhd;legifrance;mychicconsulting;bloodyelbow;futemax;limetorrents;manualslib;byrutor;thenextweb;justice;americanmilitarynews;soverthlaest;simplyhired;podregarddomicile;xgap;forexmetatradexdx;tvsubtitles;zooplus;reptilefightearn;lo;sandmyre;programmersought;alison;100ppi;imovie-hd;tailorbrands;understandingharmoniousillegal;ants;musicasparamissa;nios;cooch;putlockers;vodafone;dilidili;sciencealert;9gag;adzuna;answers;args;askmenow;base-search;biglobe;blinkx;books.google;brave;business;chatnoir;chegg;chemrefer;citeab;dice;dogpile;ebi;egerin;ehow;evi;findsounds;fireball;genieknows;gigablast;glassdoor;globalspec;goo;indeed;info;jobstreet;kelkoo;kiddle;kidzsearch;leit;loc;lycos;metacrawler;metager;miner;mojeek;monster;munax;music.amazon;mysimon;najdi;naukri;ncbi;netflix;news.google;news.yahoo;newsandmoods;newslookup;nextag;omgili;petalsearch;picsearch;pixsta;podscope;pricegrabber;pricerunner;pronto;qmamu;quora;rambler;recipebridge;rediff;rozee;sapo;scholar.google;search.ch;seeqpod;semanticscholar;seznam;shodan;shopping;shopzilla;songza;sourceforge;swisscows;thomasnet;tineye;v.qq;veveo;walla;wazap;webcrawler;webmd;wordpress.org/openverse;yellowpages;you;youdao;yummly;zalando
0;"{""type"": ""qp"", ""key"": ""q""}";"{""type"": ""qp"", ""key"": ""search_query""}";"{""type"": ""qp"", ""key"": ""wd""}";"{""type"": ""qp"", ""key"": ""query""}";"{""type"": ""qp"", ""key"": ""q""}";"{""type"": ""qp"", ""key"": ""q""}";"{""type"": ""qp"", ""key"": ""q""}";"{""type"": ""qp"", ""key"": ""p""}";"{""type"": ""qp"", ""key"": ""k""}";;"{""type"": ""qp"", ""key"": ""q""}";"{""type"": ""qp"", ""key"": ""q""}";"{""type"": ""qp"", ""key"": ""q""}";;"{""type"": ""qp"", ""key"": ""q""}";"{""type"": ""qp"", ""key"": ""q""}";"{""type"": ""qp"", ""key"": ""q""}";"{""type"": ""qp"", ""key"": ""_nkw""}";"{""type"": ""qp"", ""key"": ""query""}";"{""type"": ""qp"", ""key"": ""SearchText""}";"{""type"": ""qp"", ""key"": ""text""}";"{""type"": ""ps"", ""key"": ""search""}";"{""type"": ""qp"", ""key"": ""search""}";"{""type"": ""qp"", ""key"": ""q""}";"{""type"": ""qp"", ""key"": ""q""}";"{""type"": ""qp"", ""key"": ""q""}";"{""type"": ""qp"", ""key"": ""keywords""}";"{""type"": ""qp"", ""key"": ""k""}";"{""type"": ""qp"", ""key"": ""q""}";"{""type"": ""qp"", ""key"": ""q""}";"{""type"": ""qp"", ""key"": ""query""}";"{""type"": ""ps"", ""key"": ""q""}";"{""type"": ""qp"", ""key"": ""query""}";"{""type"": ""qp"", ""key"": ""ss""}";"{""type"": ""qp"", ""key"": ""w""}";"{""type"": ""qp"", ""key"": ""SearchText""}";"{""type"": ""qp"", ""key"": ""query""}";"{""type"": ""qp"", ""key"": ""query""}";"{""type"": ""qp"", ""key"": ""q""}";"{""type"": ""qp"", ""key"": ""q""}";"{""type"": ""qp"", ""key"": ""query""}";"{""type"": ""qp"", ""key"": ""q""}";"{""type"": ""qp"", ""key"": ""k""}";"{""type"": ""qp"", ""key"": ""question""}";"{""type"": ""ps"", ""key"": ""search""}";"{""type"": ""qp"", ""key"": ""gsc.q""}";"{""type"": ""qp"", ""key"": ""q""}";"{""type"": ""qp"", ""key"": ""q""}";;"{""type"": ""qp"", ""key"": ""q""}";"{""type"": ""qp"", ""key"": ""search""}";;"{""type"": ""qp"", ""key"": ""search[keywords]""}";"{""type"": ""qp"", ""key"": ""q""}";"{""type"": ""qp"", ""key"": ""search_term""}";"{""type"": ""qp"", ""key"": ""keyword""}";;;;"{""type"": ""qp"", ""key"": ""state""}";"{""type"": ""ps"", ""key"": ""s""}";"{""type"": ""qp"", ""key"": ""search""}";"{""type"": ""qp"", ""key"": ""q""}";"{""type"": ""qp"", ""key"": ""term""}";"{""type"": ""qp"", ""key"": ""q""}";"{""type"": ""ps"", ""key"": ""search""}";"{""type"": ""qp"", ""key"": ""q""}";"{""type"": ""qp"", ""key"": ""q""}";"{""type"": ""qp"", ""key"": ""keyword""}";"{""type"": ""qp"", ""key"": ""aranan""}";;"{""type"": ""ps"", ""key"": ""q""}";"{""type"": ""qp"", ""key"": ""w""}";;"{""type"": ""qp"", ""key"": ""s""}";"{""type"": ""qp"", ""key"": ""q""}";"{""type"": ""ps"", ""key"": ""stock-photo""}";"{""type"": ""fp"", ""key"": ""q""}";"{""type"": ""qp"", ""key"": ""q""}";;;"{""type"": ""qp"", ""key"": ""q""}";"{""type"": ""ps"", ""key"": ""all""}";"{""type"": ""qp"", ""key"": ""search""}";"{""type"": ""qp"", ""key"": ""q""}";"{""type"": ""ps"", ""key"": ""info.b2b168.com""}";"{""type"": ""fp"", ""key"": ""query""}";;"{""type"": ""qp"", ""key"": ""q""}";"{""type"": ""qp"", ""key"": ""q""}";"{""type"": ""qp"", ""key"": ""kw""}";"{""type"": ""qp"", ""key"": ""keyword""}";"{""type"": ""ps"", ""key"": ""search""}";"{""type"": ""qp"", ""key"": ""q""}";;;"{""type"": ""qp"", ""key"": ""q""}";;"{""type"": ""qp"", ""key"": ""q""}";"{""type"": ""qp"", ""key"": ""what""}";"{""type"": ""qp"", ""key"": ""w""}";"{""type"": ""ps"", ""key"": ""royalty-free-vectors""}";"{""type"": ""qp"", ""key"": ""pattern""}";"{""type"": ""qp"", ""key"": ""title""}";"{""type"": ""qp"", ""key"": ""q""}";"{""type"": ""qp"", ""key"": ""s""}";"{""type"": ""qp"", ""key"": ""query""}";;;"{""type"": ""qp"", ""key"": ""keyword""}";"{""type"": ""ps"", ""key"": ""tag""}";"{""type"": ""qp"", ""key"": ""s""}";"{""type"": ""qp"", ""key"": ""searchString""}";"{""type"": ""qp"", ""key"": ""q""}";"{""type"": ""qp"", ""key"": ""q""}";"{""type"": ""qp"", ""key"": ""keyword""}";;"{""type"": ""qp"", ""key"": ""q""}";"{""type"": ""qp"", ""key"": ""s""}";"{""type"": ""qp"", ""key"": ""q""}";;;;"{""type"": ""qp"", ""key"": ""query""}";"{""type"": ""ps"", ""key"": ""search""}";"{""type"": ""qp"", ""key"": ""q""}";"{""type"": ""qp"", ""key"": ""query""}";"{""type"": ""qp"", ""key"": ""query""}";;"{""type"": ""qp"", ""key"": ""query""}";"{""type"": ""ps"", ""key"": ""search""}";"{""type"": ""ps"", ""key"": ""keyword""}";;;;;;;;;;;;;;;;;;;;;;;;;;;;;;;;;;;;;;;;;;;;;;;;;;;;;;;;;;;;;;;"{""type"": ""qp"", ""key"": ""q""}";;;;;;;;;;;;;;;;;;;;;;;;;;;;;;;;;;;;;;;;;;;;;;;;;;;;;;;;;;;;;;;;;;;;;;;;;;;;;;;;;;;;;;;;;;;;;;;;;;;;;;;;;;;;;;;;;;;;;;;;;;;;;;;;;;;;;;;;;"{""type"": ""qp"", ""key"": ""keywords""}";;;;;;;;;;;;;;;;;;;;;;;;;;;;;;;;;;;;;;;;;;;;;;;;;;;;;;;;;;;;;;;;;;;;;;;;;;;;;;;;;;;;;;;;;;;;;;;;;;;;;;;;;;;;;;;;;;;;;;;;;;;;;;;;;;;;;;;;;;;;;;;;;;;;;;;;;;;;;;;;;;;;;;;;;;;;;;;;;;;;;;;;;;;;;;;;;;;;;;;;;;;;;;;;;;;;;;;;;;;;;;;;;;;;;;;;;;;;;;;;;;;;;;;;;;;;;;;;;;;;;;;;;;;;;;;;;;;;;;;;;;;;;;;;;;;;;;;;;;;;;;;;;;;;;;;;;;;;;;;;;;;;;;;;;;;;;;;;;;;;;;;;;;;;;;;;;;;;;"{""type"": ""qp"", ""key"": ""search_terms""}";;;;;;;;;;;;;;;;;;;;;;;;;;;;;;;;;;;;;;;;;;;;;;;;;;;;;;;;;;;;;;;;;;;;;;;;;;;;;;;;;;;;;;;;;;;;;;;;;;;;;;;;;;;;;;;;;;;;;;;;;;;;;"{""type"": ""qp"", ""key"": ""q""}";;;;;;;;;;;;;;;;;;;;;;;;;;;;;;;;;;;;;;;;;;;;;;;;;;;;;;;;;;;;;;;;;;;;;;;;;;;;;;;;;;;;;;;;;;;;;;;;;;;;;;;;;;;;;;;;;;;;;;;;;;;;;;;;;;;;;;;;;;"{""type"": ""qp"", ""key"": ""query""}";"{""type"": ""qp"", ""key"": ""q""}";"{""type"": ""qp"", ""key"": ""q""}";"{""type"": ""qp"", ""key"": ""query""}";;"{""type"": ""qp"", ""key"": ""lookfor""}";"{""type"": ""qp"", ""key"": ""search""}";"{""type"": ""ps"", ""key"": ""videos""}";;"{""type"": ""qp"", ""key"": ""q""}";"{""type"": ""qp"", ""key"": ""q""}";"{""type"": ""qp"", ""key"": ""q""}";"{""type"": ""qp"", ""key"": ""q""}";"{""type"": ""qp"", ""key"": ""s""}";"{""type"": ""qp"", ""key"": ""q""}";"{""type"": ""qp"", ""key"": ""q""}";"{""type"": ""qp"", ""key"": ""q""}";"{""type"": ""qp"", ""key"": ""query""}";"{""type"": ""qp"", ""key"": ""q""}";"{""type"": ""qp"", ""key"": ""q""}";;;"{""type"": ""qp"", ""key"": ""q""}";"{""type"": ""qp"", ""key"": ""s""}";"{""type"": ""qp"", ""key"": ""q""}";"{""type"": ""ps"", ""key"": ""Job""}";"{""type"": ""qp"", ""key"": ""query""}";"{""type"": ""qp"", ""key"": ""MT""}";"{""type"": ""qp"", ""key"": ""q""}";"{""type"": ""qp"", ""key"": ""q""}";"{""type"": ""ps"", ""key"": ""job-search""}";"{""type"": ""qp"", ""key"": ""query""}";"{""type"": ""qp"", ""key"": ""q""}";"{""type"": ""qp"", ""key"": ""q""}";"{""type"": ""qp"", ""key"": ""search""}";"{""type"": ""qp"", ""key"": ""q""}";"{""type"": ""qp"", ""key"": ""q""}";"{""type"": ""qp"", ""key"": ""q""}";"{""type"": ""qp"", ""key"": ""eingabe""}";"{""type"": ""qp"", ""key"": ""s""}";"{""type"": ""qp"", ""key"": ""q""}";"{""type"": ""qp"", ""key"": ""q""}";;"{""type"": ""ps"", ""key"": ""search""}";"{""type"": ""qp"", ""key"": ""q""}";"{""type"": ""ps"", ""key"": ""najdi""}";"{""type"": ""qp"", ""key"": ""k""}";"{""type"": ""qp"", ""key"": ""term""}";"{""type"": ""qp"", ""key"": ""q""}";"{""type"": ""qp"", ""key"": ""q""}";;"{""type"": ""qp"", ""key"": ""sstring""}";"{""type"": ""qp"", ""key"": ""q""}";"{""type"": ""qp"", ""key"": ""search""}";"{""type"": ""qp"", ""key"": ""q""}";"{""type"": ""qp"", ""key"": ""query""}";"{""type"": ""qp"", ""key"": ""q""}";;"{""type"": ""qp"", ""key"": ""q""}";"{""type"": ""qp"", ""key"": ""keyword""}";"{""type"": ""qp"", ""key"": ""q""}";"{""type"": ""qp"", ""key"": ""q""}";"{""type"": ""qp"", ""key"": ""q""}";;"{""type"": ""qp"", ""key"": ""query""}";"{""type"": ""ps"", ""key"": ""r""}";"{""type"": ""ps"", ""key"": ""product""}";"{""type"": ""ps"", ""key"": ""q""}";"{""type"": ""qp"", ""key"": ""q""}";"{""type"": ""qp"", ""key"": ""q""}";"{""type"": ""qp"", ""key"": ""q""}";;"{""type"": ""qp"", ""key"": ""q""}";"{""type"": ""qp"", ""key"": ""q""}";"{""type"": ""qp"", ""key"": ""query""}";"{""type"": ""qp"", ""key"": ""keyword""}";"{""type"": ""ps"", ""key"": ""www.shopzilla.com""}";"{""type"": ""qp"", ""key"": ""q""}";"{""type"": ""qp"", ""key"": ""q""}";"{""type"": ""qp"", ""key"": ""query""}";"{""type"": ""qp"", ""key"": ""searchterm""}";;"{""type"": ""qp"", ""key"": ""q""}";;"{""type"": ""qp"", ""key"": ""q""}";"{""type"": ""qp"", ""key"": ""q""}";"{""type"": ""qp"", ""key"": ""q""}";"{""type"": ""qp"", ""key"": ""query""}";"{""type"": ""qp"", ""key"": ""q""}";"{""type"": ""qp"", ""key"": ""search_terms""}";"{""type"": ""qp"", ""key"": ""q""}";"{""type"": ""qp"", ""key"": ""word""}";"{""type"": ""qp"", ""key"": ""q""}";"{""type"": ""qp"", ""key"": ""q""}"
1;"{""type"": ""qp"", ""key"": ""q""}";;;;;;;;;;"{""type"": ""qp"", ""key"": ""q""}";"{""type"": ""ps"", ""key"": ""weibo""}";;;"{""type"": ""qp"", ""key"": ""q""}";"{""type"": ""qp"", ""key"": ""q""}";;;;;"{""type"": ""qp"", ""key"": ""text""}";;;"{""type"": ""ps"", ""key"": ""tagged""}";;;;;;;"{""type"": ""qp"", ""key"": ""query""}";;;;"{""type"": ""qp"", ""key"": ""Keywords""}";;;;;;;;;;;;;;;;;;"{""type"": ""ps"", ""key"": ""s""}";;;;;;;;;;;;;;;"{""type"": ""qp"", ""key"": ""q""}";;;;;;;;;;;;;;;"{""type"": ""ps"", ""key"": ""ask""}";;;;;;;;;;;;;;;;;;;"{""type"": ""ps"", ""key"": ""free-vectors""}";;"{""type"": ""ps"", ""key"": ""provide""}";;;;;;;;;"{""type"": ""qp"", ""key"": ""searchString""}";;;;;;;;;;;;;;;;;;;;;;;;;;;;;;;;;;;;;;;;;;;;;;;;;;;;;;;;;;;;;;;;;;;;;;;;;;;;;;;;;;;;;;;;;;;;;;;;;;;;;;;;;;;;;;;;;;;;;;;;;;;;;;;;;;;;;;;;;;;;;;;;;;;;;;;;;;;;;;;;;;;;;;;;;;;;;;;;;;;;;;;;;;;;;;;;;;;;;;;;;;;;;;;;;;;;;;;;;;;;;;;;;;;;;;;;;;;;;;;;;;;;;;;;;;;;;;;;;;;;;;;;;;;;;;;;;;;;;;;;;;;;;;;;;;;;;;;;;;;;;;;;;;;;;;;;;;;;;;;;;;;;;;;;;;;;;;;;;;;;;;;;;;;;;;;;;;;;;;;;;;;;;;;;;;;;;;;;;;;;;;;;;;;;;;;;;;;;;;;;;;;;;;;;;;;;;;;;;;;;;;;;;;;;;;;;;;;;;;;;;;;;;;;;;;;;;;;;;;;;;;;;;;;;;;;;;;;;;;;;;;;;;;;;;;;;;;;;;;;;;;;;;;;;;;;;;;;;;;;;;;;;;;;;;;;;;;;;;;;;;;;;;;;;;;;;;;;;;;;;;;;;;;;;;;;;;;;;;;;;;;;;;;;;;;;;;;;;;;;;;;;;;;;;;;;;;;;;;;;;;;;;;;;;;;;;;;;;;;;;;;;;;;;;;;;;;;;;;;;;;;;;;;;;;;;;;;;;;;;;;;;;;;;;;;;;;;;;;;;;;;;;;;;;;;;;;;;;;;;;;;;;;;;;;;;;;;;;;;;;;;;;;;;;;;;;;;;;;;;;;;;;;;;;;;;;;;;;;;;;;;;;;;;;;;;;;;;;;;;;;;;;;;;;;;;;;;;;;;;;;;;;;;;;;;;;;;;;;;;;;;;;;;;;;;;;;"{""type"": ""qp"", ""key"": ""q""}";;;;;;;;;;;;"{""type"": ""qp"", ""key"": ""query""}";;;;;"{""type"": ""qp"", ""key"": ""anfrage""}";;;;;"{""type"": ""qp"", ""key"": ""q""}";;;;;;;;;;;;;;;;;;;;;;;"{""type"": ""ps"", ""key"": ""www.pricegrabber.com""}";;;;;;;;;;;;;;;;;;;"{""type"": ""qp"", ""key"": ""q""}";"{""type"": ""qp"", ""key"": ""query""}";;;;;;;;;;;;;;
2;"{""type"": ""qp"", ""key"": ""q""}";;;;;;;;;;"{""type"": ""qp"", ""key"": ""q""}";;;;"{""type"": ""qp"", ""key"": ""q""}";"{""type"": ""qp"", ""key"": ""q""}";;;;;"{""type"": ""qp"", ""key"": ""text""}";;;;;;;;;;"{""type"": ""qp"", ""key"": ""query""}";;;;"{""type"": ""qp"", ""key"": ""Keywords""}";;;;;;;;;;;;;;;;;;;;;;;;;;;;;;;;;"{""type"": ""qp"", ""key"": ""q""}";;;;;;;;;;;;;;;"{""type"": ""ps"", ""key"": ""bbs""}";;;;;;;;;;;;;;;;;;;;;"{""type"": ""ps"", ""key"": ""provide""}";;;;;;;;;"{""type"": ""qp"", ""key"": ""searchString""}";;;;;;;;;;;;;;;;;;;;;;;;;;;;;;;;;;;;;;;;;;;;;;;;;;;;;;;;;;;;;;;;;;;;;;;;;;;;;;;;;;;;;;;;;;;;;;;;;;;;;;;;;;;;;;;;;;;;;;;;;;;;;;;;;;;;;;;;;;;;;;;;;;;;;;;;;;;;;;;;;;;;;;;;;;;;;;;;;;;;;;;;;;;;;;;;;;;;;;;;;;;;;;;;;;;;;;;;;;;;;;;;;;;;;;;;;;;;;;;;;;;;;;;;;;;;;;;;;;;;;;;;;;;;;;;;;;;;;;;;;;;;;;;;;;;;;;;;;;;;;;;;;;;;;;;;;;;;;;;;;;;;;;;;;;;;;;;;;;;;;;;;;;;;;;;;;;;;;;;;;;;;;;;;;;;;;;;;;;;;;;;;;;;;;;;;;;;;;;;;;;;;;;;;;;;;;;;;;;;;;;;;;;;;;;;;;;;;;;;;;;;;;;;;;;;;;;;;;;;;;;;;;;;;;;;;;;;;;;;;;;;;;;;;;;;;;;;;;;;;;;;;;;;;;;;;;;;;;;;;;;;;;;;;;;;;;;;;;;;;;;;;;;;;;;;;;;;;;;;;;;;;;;;;;;;;;;;;;;;;;;;;;;;;;;;;;;;;;;;;;;;;;;;;;;;;;;;;;;;;;;;;;;;;;;;;;;;;;;;;;;;;;;;;;;;;;;;;;;;;;;;;;;;;;;;;;;;;;;;;;;;;;;;;;;;;;;;;;;;;;;;;;;;;;;;;;;;;;;;;;;;;;;;;;;;;;;;;;;;;;;;;;;;;;;;;;;;;;;;;;;;;;;;;;;;;;;;;;;;;;;;;;;;;;;;;;;;;;;;;;;;;;;;;;;;;;;;;;;;;;;;;;;;;;;;;;;;;;;;;;;;;;;;;;;;;;"{""type"": ""qp"", ""key"": ""q""}";;;;;;;;;;;;;;;;;;;;;;;;;;;;;;;;;;;;;;;;;;;;;;;;;;;;;;;;;;;;;;;;;"{""type"": ""qp"", ""key"": ""query""}";;;;;;;;;;;;;;
3;;;;;;;;;;;"{""type"": ""qp"", ""key"": ""q""}";;;;;"{""type"": ""qp"", ""key"": ""q""}";;;;;;;;;;;;;;;"{""type"": ""qp"", ""key"": ""query""}";;;;"{""type"": ""qp"", ""key"": ""Keywords""}";;;;;;;;;;;;;;;;;;;;;;;;;;;;;;;;;"{""type"": ""qp"", ""key"": ""q""}";;;;;;;;;;;;;;;"{""type"": ""ps"", ""key"": ""blog""}";;;;;;;;;;;;;;;;;;;;;;;;;;;;;;;;;;;;;;;;;;;;;;;;;;;;;;;;;;;;;;;;;;;;;;;;;;;;;;;;;;;;;;;;;;;;;;;;;;;;;;;;;;;;;;;;;;;;;;;;;;;;;;;;;;;;;;;;;;;;;;;;;;;;;;;;;;;;;;;;;;;;;;;;;;;;;;;;;;;;;;;;;;;;;;;;;;;;;;;;;;;;;;;;;;;;;;;;;;;;;;;;;;;;;;;;;;;;;;;;;;;;;;;;;;;;;;;;;;;;;;;;;;;;;;;;;;;;;;;;;;;;;;;;;;;;;;;;;;;;;;;;;;;;;;;;;;;;;;;;;;;;;;;;;;;;;;;;;;;;;;;;;;;;;;;;;;;;;;;;;;;;;;;;;;;;;;;;;;;;;;;;;;;;;;;;;;;;;;;;;;;;;;;;;;;;;;;;;;;;;;;;;;;;;;;;;;;;;;;;;;;;;;;;;;;;;;;;;;;;;;;;;;;;;;;;;;;;;;;;;;;;;;;;;;;;;;;;;;;;;;;;;;;;;;;;;;;;;;;;;;;;;;;;;;;;;;;;;;;;;;;;;;;;;;;;;;;;;;;;;;;;;;;;;;;;;;;;;;;;;;;;;;;;;;;;;;;;;;;;;;;;;;;;;;;;;;;;;;;;;;;;;;;;;;;;;;;;;;;;;;;;;;;;;;;;;;;;;;;;;;;;;;;;;;;;;;;;;;;;;;;;;;;;;;;;;;;;;;;;;;;;;;;;;;;;;;;;;;;;;;;;;;;;;;;;;;;;;;;;;;;;;;;;;;;;;;;;;;;;;;;;;;;;;;;;;;;;;;;;;;;;;;;;;;;;;;;;;;;;;;;;;;;;;;;;;;;;;;;;;;;;;;;;;;;;;;;;;;;;;;;;;;;;;;;;;;;;;;;;;;;;;;;;;;;;;;;;;;;;;;;"{""type"": ""qp"", ""key"": ""q""}";;;;;;;;;;;;;;;;;;;;;;;;;;;;;;;;;;;;;;;;;;;;;;;;;;;;;;;;;;;;;;;;;"{""type"": ""qp"", ""key"": ""query""}";;;;;;;;;;;;;;
4;;;;;;;;;;;"{""type"": ""qp"", ""key"": ""k""}";;;;;"{""type"": ""qp"", ""key"": ""q""}";;;;;;;;;;;;;;;"{""type"": ""qp"", ""key"": ""query""}";;;;;;;;;;;;;;;;;;;;;;;;;;;;;;;;;;;;;;;;;;;;;;;;;;;;"{""type"": ""ps"", ""key"": ""baobao""}";;;;;;;;;;;;;;;;;;;;;;;;;;;;;;;;;;;;;;;;;;;;;;;;;;;;;;;;;;;;;;;;;;;;;;;;;;;;;;;;;;;;;;;;;;;;;;;;;;;;;;;;;;;;;;;;;;;;;;;;;;;;;;;;;;;;;;;;;;;;;;;;;;;;;;;;;;;;;;;;;;;;;;;;;;;;;;;;;;;;;;;;;;;;;;;;;;;;;;;;;;;;;;;;;;;;;;;;;;;;;;;;;;;;;;;;;;;;;;;;;;;;;;;;;;;;;;;;;;;;;;;;;;;;;;;;;;;;;;;;;;;;;;;;;;;;;;;;;;;;;;;;;;;;;;;;;;;;;;;;;;;;;;;;;;;;;;;;;;;;;;;;;;;;;;;;;;;;;;;;;;;;;;;;;;;;;;;;;;;;;;;;;;;;;;;;;;;;;;;;;;;;;;;;;;;;;;;;;;;;;;;;;;;;;;;;;;;;;;;;;;;;;;;;;;;;;;;;;;;;;;;;;;;;;;;;;;;;;;;;;;;;;;;;;;;;;;;;;;;;;;;;;;;;;;;;;;;;;;;;;;;;;;;;;;;;;;;;;;;;;;;;;;;;;;;;;;;;;;;;;;;;;;;;;;;;;;;;;;;;;;;;;;;;;;;;;;;;;;;;;;;;;;;;;;;;;;;;;;;;;;;;;;;;;;;;;;;;;;;;;;;;;;;;;;;;;;;;;;;;;;;;;;;;;;;;;;;;;;;;;;;;;;;;;;;;;;;;;;;;;;;;;;;;;;;;;;;;;;;;;;;;;;;;;;;;;;;;;;;;;;;;;;;;;;;;;;;;;;;;;;;;;;;;;;;;;;;;;;;;;;;;;;;;;;;;;;;;;;;;;;;;;;;;;;;;;;;;;;;;;;;;;;;;;;;;;;;;;;;;;;;;;;;;;;;;;;;;;;;;;;;;;;;;;;;;;;;;;;;;;;;"{""type"": ""qp"", ""key"": ""q""}";;;;;;;;;;;;;;;;;;;;;;;;;;;;;;;;;;;;;;;;;;;;;;;;;;;;;;;;;;;;;;;;;"{""type"": ""qp"", ""key"": ""query""}";;;;;;;;;;;;;;
5;;;;;;;;;;;;;;;;;;;;;;;;;;;;;;;"{""type"": ""qp"", ""key"": ""query""}";;;;;;;;;;;;;;;;;;;;;;;;;;;;;;;;;;;;;;;;;;;;;;;;;;;;"{""type"": ""ps"", ""key"": ""qq""}";;;;;;;;;;;;;;;;;;;;;;;;;;;;;;;;;;;;;;;;;;;;;;;;;;;;;;;;;;;;;;;;;;;;;;;;;;;;;;;;;;;;;;;;;;;;;;;;;;;;;;;;;;;;;;;;;;;;;;;;;;;;;;;;;;;;;;;;;;;;;;;;;;;;;;;;;;;;;;;;;;;;;;;;;;;;;;;;;;;;;;;;;;;;;;;;;;;;;;;;;;;;;;;;;;;;;;;;;;;;;;;;;;;;;;;;;;;;;;;;;;;;;;;;;;;;;;;;;;;;;;;;;;;;;;;;;;;;;;;;;;;;;;;;;;;;;;;;;;;;;;;;;;;;;;;;;;;;;;;;;;;;;;;;;;;;;;;;;;;;;;;;;;;;;;;;;;;;;;;;;;;;;;;;;;;;;;;;;;;;;;;;;;;;;;;;;;;;;;;;;;;;;;;;;;;;;;;;;;;;;;;;;;;;;;;;;;;;;;;;;;;;;;;;;;;;;;;;;;;;;;;;;;;;;;;;;;;;;;;;;;;;;;;;;;;;;;;;;;;;;;;;;;;;;;;;;;;;;;;;;;;;;;;;;;;;;;;;;;;;;;;;;;;;;;;;;;;;;;;;;;;;;;;;;;;;;;;;;;;;;;;;;;;;;;;;;;;;;;;;;;;;;;;;;;;;;;;;;;;;;;;;;;;;;;;;;;;;;;;;;;;;;;;;;;;;;;;;;;;;;;;;;;;;;;;;;;;;;;;;;;;;;;;;;;;;;;;;;;;;;;;;;;;;;;;;;;;;;;;;;;;;;;;;;;;;;;;;;;;;;;;;;;;;;;;;;;;;;;;;;;;;;;;;;;;;;;;;;;;;;;;;;;;;;;;;;;;;;;;;;;;;;;;;;;;;;;;;;;;;;;;;;;;;;;;;;;;;;;;;;;;;;;;;;;;;;;;;;;;;;;;;;;;;;;;;;;;;;;;;;;;;;;;;;;;;;;;;;;;;;;;;;;;;;;;;;;;;;;;;;;;;;;;;;;;;;;;;;;;;;;;;;;;;"{""type"": ""qp"", ""key"": ""query""}";;;;;;;;;;;;;;
6;;;;;;;;;;;;;;;;;;;;;;;;;;;;;;;;;;;;;;;;;;;;;;;;;;;;;;;;;;;;;;;;;;;;;;;;;;;;;;;;;;;"{""type"": ""ps"", ""key"": ""zhishi""}";;;;;;;;;;;;;;;;;;;;;;;;;;;;;;;;;;;;;;;;;;;;;;;;;;;;;;;;;;;;;;;;;;;;;;;;;;;;;;;;;;;;;;;;;;;;;;;;;;;;;;;;;;;;;;;;;;;;;;;;;;;;;;;;;;;;;;;;;;;;;;;;;;;;;;;;;;;;;;;;;;;;;;;;;;;;;;;;;;;;;;;;;;;;;;;;;;;;;;;;;;;;;;;;;;;;;;;;;;;;;;;;;;;;;;;;;;;;;;;;;;;;;;;;;;;;;;;;;;;;;;;;;;;;;;;;;;;;;;;;;;;;;;;;;;;;;;;;;;;;;;;;;;;;;;;;;;;;;;;;;;;;;;;;;;;;;;;;;;;;;;;;;;;;;;;;;;;;;;;;;;;;;;;;;;;;;;;;;;;;;;;;;;;;;;;;;;;;;;;;;;;;;;;;;;;;;;;;;;;;;;;;;;;;;;;;;;;;;;;;;;;;;;;;;;;;;;;;;;;;;;;;;;;;;;;;;;;;;;;;;;;;;;;;;;;;;;;;;;;;;;;;;;;;;;;;;;;;;;;;;;;;;;;;;;;;;;;;;;;;;;;;;;;;;;;;;;;;;;;;;;;;;;;;;;;;;;;;;;;;;;;;;;;;;;;;;;;;;;;;;;;;;;;;;;;;;;;;;;;;;;;;;;;;;;;;;;;;;;;;;;;;;;;;;;;;;;;;;;;;;;;;;;;;;;;;;;;;;;;;;;;;;;;;;;;;;;;;;;;;;;;;;;;;;;;;;;;;;;;;;;;;;;;;;;;;;;;;;;;;;;;;;;;;;;;;;;;;;;;;;;;;;;;;;;;;;;;;;;;;;;;;;;;;;;;;;;;;;;;;;;;;;;;;;;;;;;;;;;;;;;;;;;;;;;;;;;;;;;;;;;;;;;;;;;;;;;;;;;;;;;;;;;;;;;;;;;;;;;;;;;;;;;;;;;;;;;;;;;;;;;;;;;;;;;;;;;;;;;;;;;;;;;;;;;;;;;;;;;;;;;;;;;;;"{""type"": ""qp"", ""key"": ""query""}";;;;;;;;;;;;;;
7;;;;;;;;;;;;;;;;;;;;;;;;;;;;;;;;;;;;;;;;;;;;;;;;;;;;;;;;;;;;;;;;;;;;;;;;;;;;;;;;;;;"{""type"": ""ps"", ""key"": ""ping""}";;;;;;;;;;;;;;;;;;;;;;;;;;;;;;;;;;;;;;;;;;;;;;;;;;;;;;;;;;;;;;;;;;;;;;;;;;;;;;;;;;;;;;;;;;;;;;;;;;;;;;;;;;;;;;;;;;;;;;;;;;;;;;;;;;;;;;;;;;;;;;;;;;;;;;;;;;;;;;;;;;;;;;;;;;;;;;;;;;;;;;;;;;;;;;;;;;;;;;;;;;;;;;;;;;;;;;;;;;;;;;;;;;;;;;;;;;;;;;;;;;;;;;;;;;;;;;;;;;;;;;;;;;;;;;;;;;;;;;;;;;;;;;;;;;;;;;;;;;;;;;;;;;;;;;;;;;;;;;;;;;;;;;;;;;;;;;;;;;;;;;;;;;;;;;;;;;;;;;;;;;;;;;;;;;;;;;;;;;;;;;;;;;;;;;;;;;;;;;;;;;;;;;;;;;;;;;;;;;;;;;;;;;;;;;;;;;;;;;;;;;;;;;;;;;;;;;;;;;;;;;;;;;;;;;;;;;;;;;;;;;;;;;;;;;;;;;;;;;;;;;;;;;;;;;;;;;;;;;;;;;;;;;;;;;;;;;;;;;;;;;;;;;;;;;;;;;;;;;;;;;;;;;;;;;;;;;;;;;;;;;;;;;;;;;;;;;;;;;;;;;;;;;;;;;;;;;;;;;;;;;;;;;;;;;;;;;;;;;;;;;;;;;;;;;;;;;;;;;;;;;;;;;;;;;;;;;;;;;;;;;;;;;;;;;;;;;;;;;;;;;;;;;;;;;;;;;;;;;;;;;;;;;;;;;;;;;;;;;;;;;;;;;;;;;;;;;;;;;;;;;;;;;;;;;;;;;;;;;;;;;;;;;;;;;;;;;;;;;;;;;;;;;;;;;;;;;;;;;;;;;;;;;;;;;;;;;;;;;;;;;;;;;;;;;;;;;;;;;;;;;;;;;;;;;;;;;;;;;;;;;;;;;;;;;;;;;;;;;;;;;;;;;;;;;;;;;;;;;;;;;;;;;;;;;;;;;;;;;;;;;;;;;;;"{""type"": ""qp"", ""key"": ""query""}";;;;;;;;;;;;;;
8;;;;;;;;;;;;;;;;;;;;;;;;;;;;;;;;;;;;;;;;;;;;;;;;;;;;;;;;;;;;;;;;;;;;;;;;;;;;;;;;;;;;;;;;;;;;;;;;;;;;;;;;;;;;;;;;;;;;;;;;;;;;;;;;;;;;;;;;;;;;;;;;;;;;;;;;;;;;;;;;;;;;;;;;;;;;;;;;;;;;;;;;;;;;;;;;;;;;;;;;;;;;;;;;;;;;;;;;;;;;;;;;;;;;;;;;;;;;;;;;;;;;;;;;;;;;;;;;;;;;;;;;;;;;;;;;;;;;;;;;;;;;;;;;;;;;;;;;;;;;;;;;;;;;;;;;;;;;;;;;;;;;;;;;;;;;;;;;;;;;;;;;;;;;;;;;;;;;;;;;;;;;;;;;;;;;;;;;;;;;;;;;;;;;;;;;;;;;;;;;;;;;;;;;;;;;;;;;;;;;;;;;;;;;;;;;;;;;;;;;;;;;;;;;;;;;;;;;;;;;;;;;;;;;;;;;;;;;;;;;;;;;;;;;;;;;;;;;;;;;;;;;;;;;;;;;;;;;;;;;;;;;;;;;;;;;;;;;;;;;;;;;;;;;;;;;;;;;;;;;;;;;;;;;;;;;;;;;;;;;;;;;;;;;;;;;;;;;;;;;;;;;;;;;;;;;;;;;;;;;;;;;;;;;;;;;;;;;;;;;;;;;;;;;;;;;;;;;;;;;;;;;;;;;;;;;;;;;;;;;;;;;;;;;;;;;;;;;;;;;;;;;;;;;;;;;;;;;;;;;;;;;;;;;;;;;;;;;;;;;;;;;;;;;;;;;;;;;;;;;;;;;;;;;;;;;;;;;;;;;;;;;;;;;;;;;;;;;;;;;;;;;;;;;;;;;;;;;;;;;;;;;;;;;;;;;;;;;;;;;;;;;;;;;;;;;;;;;;;;;;;;;;;;;;;;;;;;;;;;;;;;;;;;;;;;;;;;;;;;;;;;;;;;;;;;;;;;;;;;;;;;;;;;;;;;;;;;;;;;;;;;;;;;;;;;;;;;;;;;;;;;;;;;;;;;;;;;;;;;;;;;;;;;;;;;;;;;;;;;;;;;;;;;;;;;;;;;;;;;;;;;;;;;;;;;"{""type"": ""qp"", ""key"": ""query""}";;;;;;;;;;;;;;
9;;;;;;;;;;;;;;;;;;;;;;;;;;;;;;;;;;;;;;;;;;;;;;;;;;;;;;;;;;;;;;;;;;;;;;;;;;;;;;;;;;;;;;;;;;;;;;;;;;;;;;;;;;;;;;;;;;;;;;;;;;;;;;;;;;;;;;;;;;;;;;;;;;;;;;;;;;;;;;;;;;;;;;;;;;;;;;;;;;;;;;;;;;;;;;;;;;;;;;;;;;;;;;;;;;;;;;;;;;;;;;;;;;;;;;;;;;;;;;;;;;;;;;;;;;;;;;;;;;;;;;;;;;;;;;;;;;;;;;;;;;;;;;;;;;;;;;;;;;;;;;;;;;;;;;;;;;;;;;;;;;;;;;;;;;;;;;;;;;;;;;;;;;;;;;;;;;;;;;;;;;;;;;;;;;;;;;;;;;;;;;;;;;;;;;;;;;;;;;;;;;;;;;;;;;;;;;;;;;;;;;;;;;;;;;;;;;;;;;;;;;;;;;;;;;;;;;;;;;;;;;;;;;;;;;;;;;;;;;;;;;;;;;;;;;;;;;;;;;;;;;;;;;;;;;;;;;;;;;;;;;;;;;;;;;;;;;;;;;;;;;;;;;;;;;;;;;;;;;;;;;;;;;;;;;;;;;;;;;;;;;;;;;;;;;;;;;;;;;;;;;;;;;;;;;;;;;;;;;;;;;;;;;;;;;;;;;;;;;;;;;;;;;;;;;;;;;;;;;;;;;;;;;;;;;;;;;;;;;;;;;;;;;;;;;;;;;;;;;;;;;;;;;;;;;;;;;;;;;;;;;;;;;;;;;;;;;;;;;;;;;;;;;;;;;;;;;;;;;;;;;;;;;;;;;;;;;;;;;;;;;;;;;;;;;;;;;;;;;;;;;;;;;;;;;;;;;;;;;;;;;;;;;;;;;;;;;;;;;;;;;;;;;;;;;;;;;;;;;;;;;;;;;;;;;;;;;;;;;;;;;;;;;;;;;;;;;;;;;;;;;;;;;;;;;;;;;;;;;;;;;;;;;;;;;;;;;;;;;;;;;;;;;;;;;;;;;;;;;;;;;;;;;;;;;;;;;;;;;;;;;;;;;;;;;;;;;;;;;;;;;;;;;;;;;;;;;;;;;;;;;;;;;;;;;;"{""type"": ""qp"", ""key"": ""query""}";;;;;;;;;;;;;;
