;rank;service;tld;category;has_input_field;has_search_form;has_search_div;Notes;domains_collected;url_prefix_collected;parsers_collected
0;1;google;com;general;False;False;False;Removed s/results/code-search? and cse? as URL_Prefixes because they redirected to the same page for all domains;1;1;1
1;2;youtube;com;video;False;False;True;;1;1;1
2;3;baidu;com;general;False;False;True;;1;1;1
3;4;qq;com;general;FALSCH;FALSCH;FALSCH;;1;1;1
4;5;facebook;com;social-media;False;False;False;;1;1;1
5;6;tmall;com;shopping;FALSCH;FALSCH;FALSCH;;1;1;1
6;7;taobao;com;shopping;False;False;True;;1;1;1
7;9;yahoo;com;general;False;False;False;;1;1;1
8;10;amazon;com;shopping;True;True;True;;1;1;1
9;11;wikipedia;org;education;True;True;True;;1;0;0
10;13;360;cn;company-page;True;True;True;;1;1;1
11;14;weibo;com;social-media;False;False;True;;1;1;1
12;17;reddit;com;social-media;False;False;True;;1;1;1
13;19;instagram;com;social-media;FALSCH;FALSCH;FALSCH;;1;0;0
14;21;microsoft;com;company-page;True;True;True;;1;1;1
15;25;bing;com;general;False;False;False;;1;1;1
16;26;twitter;com;social-media;FALSCH;FALSCH;FALSCH;;1;1;1
17;30;ebay;com;shopping;False;False;False;;1;1;1
18;32;naver;com;local;False;False;True;;1;1;1
19;33;aliexpress;com;shopping;True;True;True;;1;1;1
20;34;yandex;ru;general;FALSCH;FALSCH;FALSCH;;1;1;1
21;39;apple;com;company-page;True;True;False;;1;1;1
22;41;pornhub;com;pornography;True;True;True;;1;1;1
23;43;stackoverflow;com;question-answering;True;True;True;;1;1;1
24;50;tribunnews;com;news;True;True;False;;1;1;1
25;52;imdb;com;;True;True;True;;1;1;1
26;53;chaturbate;com;pornography;True;True;True;;1;1;1
27;57;xvideos;com;pornography;True;True;True;;1;1;1
28;58;github;com;code;False;False;False;;1;1;1
29;67;etsy;com;shopping;True;True;True;;1;1;1
30;72;sogou;com;general;False;False;True;;1;1;1
31;77;espn;com;sport;False;False;True;;1;1;1
32;85;detik;com;;True;True;False;;1;1;1
33;88;booking;com;;False;False;True;;1;1;1
34;89;cnblogs;com;;True;True;False;;1;1;1
35;95;alibaba;com;shopping;False;False;True;;1;1;1
36;98;freepik;com;image;True;True;False;;1;1;1
37;100;nih;gov;;True;True;False;;1;1;1
38;103;stackexchange;com;question-answering;True;True;True;;1;1;1
39;105;daum;net;general;True;True;True;;1;1;1
40;115;craigslist;org;shopping;True;True;True;;1;1;1
41;124;duckduckgo;com;general;True;True;True;;1;1;1
42;126;aliyun;com;;False;False;True;;1;1;1
43;130;gome;com.cn;;True;True;True;;1;1;1
44;132;xnxx;com;;True;True;False;;1;1;1
45;134;w3schools;com;;False;False;True;;1;1;1
46;146;slideshare;net;;True;True;True;;1;1;1
47;147;globo;com;;True;True;True;;1;1;1
48;153;tistory;com;;False;False;True;Uses daum search;0;0;0
49;156;varzesh3;com;;True;True;True;;1;1;1
50;161;wikihow;com;question-answering;True;True;True;;1;1;1
51;182;office365;com;;True;True;True;Uses microsoft search;0;0;0
52;184;bukalapak;com;;False;False;True;;1;1;1
53;189;ask;com;general;False;False;False;;1;1;1
54;190;intuit;com;;True;True;False;;1;1;1
55;197;usps;com;;False;False;True;;1;1;1
56;200;redd;it;;False;False;True;Reddit already covered;0;0;0
57;207;steamcommunity;com;;True;True;False;"Only user search; Hubs are not free text";0;0;0
58;229;deepl;com;;False;False;True;No search;0;0;0
59;241;bankofamerica;com;;False;False;True;;1;1;1
60;243;airbnb;com;;False;False;True;;1;1;1
61;245;wikimedia;org;general;FALSCH;FALSCH;FALSCH;;1;1;1
62;246;blackboard;com;;False;False;True;;1;1;1
63;278;steampowered;com;;True;True;True;;1;1;1
64;283;investopedia;com;;True;True;True;;1;1;1
65;324;kakao;com;local;FALSCH;FALSCH;FALSCH;;1;1;1
66;419;dbs;com.sg;;False;False;True;;1;1;1
67;439;ecosia;org;general;False;False;False;;1;1;1
68;447;chinaz;com;;False;False;True;;1;1;1
69;478;turkiye;gov.tr;;True;True;False;;1;1;1
70;493;europa;eu;;True;True;False;Query not in URL;0;0;0
71;503;dcinside;com;;True;True;True;;1;1;1
72;631;elfagr;com;;True;True;True;;1;1;1
73;707;news18;com;;False;False;True;Uses Google Search;0;0;0
74;869;fivethirtyeight;com;;True;True;False;;1;1;1
75;876;bandcamp;com;;False;False;True;;1;1;1
76;914;123rf;com;image;False;False;True;;1;1;1
77;942;smartsheet;com;;False;False;True;;1;1;1
78;1019;allrecipes;com;recipes;False;False;True;;1;1;1
79;1043;commbank;com.au;;False;False;True;Query not in URL;0;0;0
80;1047;jf71qh5v14;com;;False;False;True;Redirect;0;0;0
81;1049;tdameritrade;com;;True;True;False;;1;1;1
82;1056;ci123;com;;True;True;False;;1;1;1
83;1130;caf;fr;;True;True;True;;1;1;1
84;1155;stanford;edu;;True;True;True;;1;1;1
85;1164;b2b168;com;;True;True;False;;1;1;1
86;1217;4shared;com;;True;True;False;;1;1;1
87;1245;baskino;me;;True;True;False;Query not in URL;0;0;0
88;1246;etrade;com;;False;False;True;;1;1;1
89;1257;lifewire;com;;False;False;True;;1;1;1
90;1397;yixiin;com;;True;True;True;;1;1;1
91;1413;fmovies;to;;True;True;True;;1;1;1
92;1437;gotporn;com;;False;False;True;;1;1;1
93;1463;klix;ba;;True;True;False;;1;1;1
94;1469;gitlab;com;code;False;False;True;Query not in URL;0;0;0
95;1480;cima4u;tv;;False;False;True;No search;0;0;0
96;1505;cyberleninka;ru;;False;False;True;;1;1;1
97;1520;shippingchina;com;;True;True;False;Search for shipments;0;0;0
98;1559;las2orillas;co;news;True;True;True;;1;1;1
99;1564;tnaflix;com;pornography;True;True;False;;1;1;1
100;1571;elyamnelaraby;com;;True;True;True;;1;1;1
101;1572;vectorstock;com;;True;True;False;;1;1;1
102;1604;php;net;;True;True;False;;1;1;1
103;1661;19888;tv;;False;False;True;;1;1;1
104;1698;indosport;com;;False;False;True;;1;1;1
105;1712;dailypost;ng;;True;True;True;;1;1;1
106;1720;uspto;gov;;True;True;True;;1;1;1
107;1731;dy2018;com;;True;True;True;Query not in URL;0;0;0
108;1768;win-rar;com;;True;True;False;Query not in URL;0;0;0
109;1774;acfun;cn;;False;False;True;;1;1;1
110;1781;doc88;com;;True;True;False;;1;1;1
111;1787;postermywall;com;;True;True;True;;1;1;1
112;1804;hangseng;com;;False;False;True;;1;1;1
113;1845;animixplay;to;;False;False;True;;1;1;1
114;1875;npmjs;com;;True;True;False;;1;1;1
115;1907;9anime;id;;False;False;True;;1;1;1
116;1954;9anime;to;;False;False;True;Covered by 9anime.id;1;1;1
117;2003;zdf;de;;False;False;True;;1;1;1
118;2006;asurascans;com;;False;False;True;;1;1;1
119;2007;knowyourmeme;com;;True;True;True;;1;1;1
120;2014;listindiario;com;;False;False;True;"Uses google; Query not in URL";0;0;0
121;2021;24h;com.vn;;False;False;True;Uses google;0;0;0
122;2037;csod;com;;False;False;True;No search;0;0;0
123;2041;sfgate;com;;False;False;True;;1;1;1
124;2048;cjdropshipping;com;;False;False;True;;1;1;1
125;2054;searchmulty;com;;True;True;False;;1;1;1
126;2063;haibunda;com;;False;False;True;;1;1;1
127;2070;mostaghelonline;com;news;True;True;False;;1;1;1
128;2088;itau;com.br;;True;True;False;No search;0;0;0
129;2089;moniban;news;news;True;True;False;;1;1;1
130;2093;boyfriendtv;com;pornography;True;True;True;;1;1;1
131;2095;gogoanime;sk;video;True;True;True;;1;1;1
132;2097;mydailymagazine;com;;False;False;True;;1;0;0
133;2098;givemesport;com;;True;True;False;;1;0;0
134;2108;akhbarelyom;com;;True;True;False;;1;0;0
135;2109;manganato;com;;False;False;True;;1;0;0
136;2112;tim;it;;False;False;True;;1;0;0
137;2119;jiwu;com;;False;False;True;;1;0;0
138;2126;limestart;cn;;False;False;True;;1;0;0
139;2128;thumbzilla;com;;True;True;False;;1;0;0
140;2136;agenziaentrate;gov.it;;True;True;False;;1;0;0
141;2144;commentcamarche;net;;False;False;True;;1;0;0
142;2145;ashemaletube;com;;True;True;True;;1;0;0
143;2146;republicworld;com;;False;False;True;;1;0;0
144;2150;rei;com;;False;False;True;;1;0;0
145;2152;powerapp;download;;False;False;True;;1;0;0
146;2156;sportzwiki;com;;False;False;True;;1;0;0
147;2159;startpage;com;general;True;True;False;;1;0;0
148;2165;warcraftlogs;com;;False;False;True;;1;0;0
149;2167;techtudo;com.br;;False;False;True;;1;0;0
150;2168;aldar;ma;;False;False;True;;1;0;0
151;2170;guru99;com;;False;False;True;;1;0;0
152;2173;dhl;de;;True;True;True;;1;0;0
153;2181;eluniversal;com.mx;;True;True;True;;1;0;0
154;2182;worldstarhiphop;com;;True;True;False;;1;0;0
155;2184;suumo;jp;;True;True;False;;1;0;0
156;2199;javhdporn;net;;True;True;False;;1;0;0
157;2202;vlive;tv;;False;False;True;;1;0;0
158;2203;arynews;tv;;False;False;True;;1;0;0
159;2208;agemys;com;;True;True;False;;1;0;0
160;2212;ixxx;com;;False;False;True;;1;0;0
161;2217;wetter;com;;True;True;False;;1;0;0
162;2218;interieur;gouv.fr;;True;True;True;;1;0;0
163;2220;idealo;de;;True;True;False;;1;0;0
164;2222;shiprocket;in;;True;True;True;;1;0;0
165;2244;arca;live;;True;True;False;;1;0;0
166;2252;ap;org;;False;False;True;;1;0;0
167;2264;nsw;gov.au;;False;False;True;;1;0;0
168;2270;elmwatin;com;;False;False;True;;1;0;0
169;2273;pornhd;com;;False;False;True;;1;0;0
170;2274;w3;org;;False;False;True;;1;0;0
171;2275;redwap;me;;True;True;True;;1;0;0
172;2289;arzdigital;com;;False;False;True;;1;0;0
173;2292;3isk;tv;;False;False;True;;1;0;0
174;2299;uefa;com;;False;False;True;;1;0;0
175;2303;julian-fashion;com;;False;False;True;;1;0;0
176;2314;psu;edu;;True;True;False;;1;0;0
177;2320;watanserb;com;;False;False;True;;1;0;0
178;2321;igg-games;com;;True;True;True;;1;0;0
179;2324;khabarvarzeshi;com;;False;False;True;;1;0;0
180;2331;groww;in;;False;False;True;;1;0;0
181;2335;jagranjosh;com;;True;True;True;;1;0;0
182;2339;zaful;com;;False;False;True;;1;0;0
183;2343;hdrezka;ag;;True;True;True;;1;0;0
184;2349;kinsta;com;;False;False;True;;1;0;0
185;2356;akurat;co;;True;True;False;;1;0;0
186;2358;gogoanime;ai;;True;True;True;;1;1;1
187;2361;mangaraw;co;;True;True;False;;1;0;0
188;2366;virgilio;it;;True;True;False;;1;0;0
189;2372;amarujala;com;;False;False;True;;1;0;0
190;2375;focus;de;;False;False;True;;1;0;0
191;2386;iz;ru;;False;False;True;;1;0;0
192;2391;monografias;com;;True;True;True;;1;0;0
193;2392;playground;ru;;False;False;True;;1;0;0
194;2395;excite;co.jp;meta-search;True;True;True;;1;1;1
195;2397;berkeley;edu;;True;True;False;;1;0;0
196;2399;khabarfarsi;com;;True;True;True;;1;0;0
197;2402;searchdimension;com;;True;True;False;;1;0;0
198;2404;tv9telugu;com;;True;True;False;;1;0;0
199;2408;po-kaki-to;com;;True;True;False;;1;0;0
200;2413;acs;org;;False;False;True;;1;0;0
201;2417;3isk;video;;False;False;True;;1;0;0
202;2419;gogoanime;fi;;True;True;True;;1;1;1
203;2437;tebyan;net;;False;False;True;;1;0;0
204;2446;nesn;com;;True;True;False;;1;0;0
205;2449;e621;net;;False;False;True;;1;0;0
206;2452;prensalibre;com;;False;False;True;;1;0;0
207;2469;adyen;com;;False;False;True;;1;0;0
208;2473;areavip;com.br;;False;False;True;;1;0;0
209;2484;lg;com;;False;False;True;;1;0;0
210;2492;exey;io;;False;False;True;;1;0;0
211;2497;docker;com;;True;True;False;;1;0;0
212;2498;whois;com;;True;True;False;;1;0;0
213;2552;pochta;ru;;True;True;True;;1;0;0
214;2562;thoughtco;com;;False;False;True;;1;0;0
215;2567;windy;com;;False;False;True;;1;0;0
216;2575;royanews;tv;;False;False;True;;1;0;0
217;2577;yourdailysportfix;com;;False;False;True;;1;0;0
218;2580;sagepub;com;;True;True;False;;1;0;0
219;2586;shayanews;com;;False;False;True;;1;0;0
220;2593;javbus;com;;False;False;True;;1;0;0
221;2599;gogoanime;pe;;True;True;True;;1;1;1
222;2611;2ch-c;net;;False;False;True;;1;0;0
223;2613;tasnimnews;com;;True;True;False;;1;0;0
224;2624;kat;cr;;False;False;True;;1;0;0
225;2625;ck365;cn;;False;False;True;;1;0;0
226;2655;euronews;com;;False;False;True;;1;0;0
227;2668;dev;to;;False;False;True;;1;0;0
228;2734;btctrademart;com;;False;False;True;;1;0;0
229;2749;ampproject;org;;True;True;True;;1;0;0
230;2782;fajar;co.id;;False;False;True;;1;0;0
231;2820;rolloid;net;;False;False;True;;1;0;0
232;2830;shahed4u;onl;;False;False;True;;1;0;0
233;2844;etheplatinum;com;;False;False;True;;1;0;0
234;2872;nifty;com;;False;False;True;;1;0;0
235;2921;thebalancecareers;com;;False;False;True;;1;0;0
236;2935;fatosdesconhecidos;com.br;;False;False;True;;1;0;0
237;2943;eanswers;com;;False;False;True;;1;0;0
238;2978;mcls;xyz;;False;False;True;;1;0;0
239;3001;shahed4u;land;;False;False;True;;1;0;0
240;3053;nqrkzcd7ixwr;com;;False;False;True;;1;0;0
241;3063;furaffinity;net;;True;True;False;;1;0;0
242;3135;51pla;com;;False;False;True;;1;0;0
243;3194;meteofrance;com;;False;False;True;;1;0;0
244;3228;pc6;com;;True;True;True;;1;0;0
245;3241;torrent9;blue;;False;False;True;;1;0;0
246;3256;calculator;net;;False;False;True;;1;0;0
247;3267;ig;com.br;;False;False;True;;1;0;0
248;3279;news19;biz;;False;False;True;;1;0;0
249;3294;64p3am9x95ct;com;;False;False;True;;1;0;0
250;3353;hi;gt;;True;True;False;;1;0;0
251;3386;resumersvo;fun;;False;False;True;;1;0;0
252;3391;pirateproxy;lat;;False;False;True;;1;0;0
253;3474;diguver;com;;False;False;True;;1;0;0
254;3476;in;com;;False;False;True;;1;0;0
255;3485;18comic;vip;;True;True;True;;1;0;0
256;3523;joq;al;;True;True;False;;1;0;0
257;3528;thebalance;com;;False;False;True;;1;0;0
258;3555;d72gb9oukw3j;com;;False;False;True;;1;0;0
259;3562;steamdb;info;;False;False;True;;1;0;0
260;3681;ws1xr1u2b4;top;;False;False;True;;1;0;0
261;3714;to10;gr;;True;True;True;;1;0;0
262;3756;maktoob;com;local;False;False;True;;1;0;0
263;3763;iefimerida;gr;;True;True;True;;1;0;0
264;3836;fuq;com;;False;False;True;;1;0;0
265;3843;discovercard;com;;False;False;True;;1;0;0
266;3847;nsfc;gov.cn;;False;False;True;;1;0;0
267;3916;pianshen;com;;True;True;False;;1;0;0
268;3927;internshala;com;;True;True;True;;1;0;0
269;3975;elfagr;org;;True;True;True;;1;1;1
270;4003;biggo;com.tw;;True;True;True;;1;0;0
271;4004;le360;ma;;True;True;False;;1;0;0
272;4006;zulily;com;;True;True;False;;1;0;0
273;4011;chinaso;com;;False;False;True;;1;0;0
274;4012;kooora365;com;;False;False;True;;1;0;0
275;4040;pornez;net;;True;True;False;;1;0;0
276;4043;ew;com;;False;False;True;;1;0;0
277;4056;codelist;cc;;False;False;True;;1;0;0
278;4062;www;gob.mx;;False;False;True;;1;0;0
279;4068;wetteronline;de;;True;True;True;;1;0;0
280;4071;besoccer;com;;False;False;True;;1;0;0
281;4076;sarcasm;co;;False;False;True;;1;0;0
282;4078;zaobao;com;;True;True;True;;1;0;0
283;4082;pornmd;com;;False;False;True;;1;0;0
284;4087;4movierulz;pw;;True;True;True;;1;0;0
285;4102;pron;tv;;True;True;False;;1;0;0
286;4104;zimbio;com;;False;False;True;;1;0;0
287;4111;duosecurity;com;;True;True;True;;1;0;0
288;4143;faithtap;com;;False;False;True;;1;0;0
289;4153;windows;com;;True;True;True;;1;0;0
290;4162;usembassy;gov;;True;True;True;;1;0;0
291;4166;bd-pratidin;com;;True;True;False;;1;0;0
292;4168;ulta;com;;False;False;True;;1;0;0
293;4174;pornhat;com;;True;True;False;;1;0;0
294;4176;fanpage;gr;;False;False;True;;1;0;0
295;4187;ilfattoquotidiano;it;;True;True;False;;1;0;0
296;4189;weakstreams;com;;False;False;True;;1;0;0
297;4192;alanba;com.kw;;False;False;True;;1;0;0
298;4200;dailypakistan;com.pk;;False;False;True;;1;0;0
299;4204;notjustok;com;;True;True;False;;1;0;0
300;4206;bestjavporn;com;;True;True;False;;1;0;0
301;4207;hunter;io;;True;True;True;;1;0;0
302;4208;7movierulz;at;;True;True;True;;1;0;0
303;4210;rvcj;com;;True;True;True;;1;0;0
304;4214;wa;gov;;True;True;False;;1;0;0
305;4215;masrawy;com;;False;False;True;;1;0;0
306;4223;vid;me;;True;True;False;;1;0;0
307;4226;beauty321;com;;False;False;True;;1;0;0
308;4228;q6idnawboy7g;com;;False;False;True;;1;0;0
309;4234;movieweb;com;;True;True;True;;1;0;0
310;4248;leo;org;;False;False;True;;1;0;0
311;4260;hrblock;com;;False;False;True;;1;0;0
312;4284;letmejerk;com;;False;False;True;;1;0;0
313;4285;keezmovies;com;;True;True;True;;1;0;0
314;4300;westernjournalism;com;;False;False;True;;1;0;0
315;4309;mxss;xyz;;False;False;True;;1;0;0
316;4311;searchlock;com;;True;True;False;;1;0;0
317;4318;popbela;com;;False;False;True;;1;0;0
318;4330;pishnahadevizheh;com;;False;False;True;;1;0;0
319;4337;sunporno;com;;True;True;True;;1;0;0
320;4357;arstechnica;com;;True;True;True;;1;0;0
321;4390;skynewsarabia;com;;True;True;False;;1;0;0
322;4399;secnews;gr;;False;False;True;;1;0;0
323;4431;eztv;re;;True;True;False;;1;0;0
324;4446;ero-video;net;;True;True;False;;1;0;0
325;4449;leagueofgraphs;com;;False;False;True;;1;0;0
326;4472;openai;com;;False;False;True;;1;0;0
327;4473;letour;fr;;False;False;True;;1;0;0
328;4483;usmagazine;com;;False;False;True;;1;0;0
329;4486;sworld;co.uk;;True;True;False;;1;0;0
330;4488;nudevista;com;;True;True;True;;1;0;0
331;4492;careerbuilder;com;career;True;True;False;;1;1;1
332;4512;ssl2anyone3;com;;False;False;True;;1;0;0
333;4536;3movierulz;sx;;False;False;True;;1;0;0
334;4546;nikkansports;com;;True;True;True;;1;0;0
335;4554;newgrounds;com;;True;True;False;;1;0;0
336;4560;fitbit;com;;False;False;True;;1;0;0
337;4569;playjunkie;com;;False;False;True;;1;0;0
338;4573;torrent9;nz;;False;False;True;;1;0;0
339;4582;unblocked;llc;;False;False;True;;1;0;0
340;4585;tsite;jp;;False;False;True;;1;0;0
341;4593;higherperspectives;com;;True;True;False;;1;0;0
342;4599;workercn;cn;;True;True;True;;1;0;0
343;4604;yupptv;com;;False;False;True;;1;0;0
344;4608;actblue;com;;False;False;True;;1;0;0
345;4610;gimy;tv;;True;True;False;;1;0;0
346;4632;yt5s;com;;True;True;True;;1;0;0
347;4634;thefappeningblog;com;;True;True;False;;1;0;0
348;4640;arabi21;com;;True;True;False;;1;0;0
349;4651;sec;gov;;True;True;True;;1;0;0
350;4663;searchengines;ru;;False;False;True;;1;0;0
351;4665;watchfreejavonline;co;;True;True;True;;1;0;0
352;4674;dim;gov.az;;False;False;True;;1;0;0
353;4679;filmweb;pl;;True;True;True;;1;0;0
354;4682;myfonts;com;;False;False;True;;1;0;0
355;4711;sarvgyan;com;;True;True;False;;1;0;0
356;4773;hostgator;com.br;;True;True;True;;1;0;0
357;4793;opensubtitles;org;;True;True;True;;1;0;0
358;4795;fanli;com;;True;True;True;;1;0;0
359;4808;gostream;is;;False;False;True;;1;0;0
360;4819;y2meta;com;;True;True;False;;1;0;0
361;4829;thisav;com;;True;True;True;;1;0;0
362;4896;divxtotal3;net;;False;False;True;;1;0;0
363;4898;investors;com;;False;False;True;;1;0;0
364;4954;filesonic;com;;False;False;True;;1;0;0
365;4976;ilividnewtab;com;;False;False;True;;1;0;0
366;4978;covid-19-testingkit;com;;False;False;True;;1;0;0
367;5006;orient;tm;;False;False;True;;1;0;0
368;5010;tueren-fachhandel;de;;True;True;True;;1;0;0
369;5028;javdb39;com;;True;True;True;;1;0;0
370;5033;elitetorrent;io;;True;True;False;;1;0;0
371;5043;iwank;tv;;True;True;False;;1;0;0
372;5045;finn;no;;False;False;True;;1;0;0
373;5046;paheal;net;;True;True;True;;1;0;0
374;5052;mybeautyland;shop;;True;True;True;;1;0;0
375;5068;kaiserpermanente;org;;False;False;True;;1;0;0
376;5069;hsbianma;com;;True;True;False;;1;0;0
377;5081;sedo;com;;False;False;True;;1;0;0
378;5087;edf;fr;;True;True;False;;1;0;0
379;5107;sbnation;com;;True;True;False;;1;0;0
380;5111;download-adblock;com;;False;False;True;;1;0;0
381;5112;darty;com;;True;True;False;;1;0;0
382;5126;blackberry;com;;True;True;False;;1;0;0
383;5127;probux;com;;False;False;True;;1;0;0
384;5136;licindia;in;;False;False;True;;1;0;0
385;5138;0123movie;net;;False;False;True;;1;0;0
386;5149;peardeck;com;;False;False;True;;1;0;0
387;5169;redditmedia;com;;False;False;True;;1;0;0
388;5173;bestmining;top;;False;False;True;;1;0;0
389;5178;agadirinfo;ma;;False;False;True;;1;0;0
390;5209;upworthy;com;;False;False;True;;1;0;0
391;5226;pardot;com;;False;False;True;;1;0;0
392;5227;6park;com;;True;True;False;;1;0;0
393;5230;insideevs;com;;True;True;False;;1;0;0
394;5244;ufreegames;com;;False;False;True;;1;0;0
395;5253;sexbjcam;com;;True;True;False;;1;0;0
396;5256;channelmyanmar;org;;True;True;False;;1;0;0
397;5265;activecampaign;com;;False;False;True;;1;0;0
398;5268;aftodioikisi;gr;;False;False;True;;1;0;0
399;5271;soccer24;com;;False;False;True;;1;0;0
400;5275;photokade;com;;True;True;False;;1;0;0
401;5285;wenxuecity;com;;False;False;True;;1;0;0
402;5295;iflscience;com;;False;False;True;;1;0;0
403;5302;bestdealfor28;life;;False;False;True;;1;0;0
404;5305;elecfans;com;;True;True;False;;1;0;0
405;5322;uptvs;com;;False;False;True;;1;0;0
406;5329;mangafox;me;;True;True;False;;1;0;0
407;5350;careers360;com;;False;False;True;;1;0;0
408;5354;denverpost;com;;True;True;False;;1;0;0
409;5355;opendns;com;;True;True;True;;1;0;0
410;5365;opensiteexplorer;org;;False;False;True;;1;0;0
411;5367;club-k;net;;False;False;True;;1;0;0
412;5375;travelermaster;com;;False;False;True;;1;0;0
413;5383;porntube;com;;False;False;True;;1;0;0
414;5386;beautifultrendstoday;com;;False;False;True;;1;0;0
415;5404;pornerbros;com;;False;False;True;;1;0;0
416;5408;salesloft;com;;False;False;True;;1;0;0
417;5411;majesticseo;com;;False;False;True;;1;0;0
418;5413;sportbox;ru;;True;True;True;;1;0;0
419;5414;searchengineland;com;;False;False;True;;1;0;0
420;5419;xitongcheng;com;;True;True;False;;1;0;0
421;5427;ukcontentdelivery;info;;False;False;True;;1;0;0
422;5429;aswaqinformation;com;;True;True;False;;1;0;0
423;5447;largeporntube;com;;False;False;True;;1;0;0
424;5460;pudding;cool;;False;False;True;;1;0;0
425;5477;geihui;com;;False;False;True;;1;0;0
426;5487;123movies;fun;;False;False;True;;1;0;0
427;5488;17zwd;com;;True;True;True;;1;0;0
428;5519;smashingmagazine;com;;True;True;False;;1;0;0
429;5521;jobartis;com;;True;True;False;;1;0;0
430;5524;societegenerale;fr;;False;False;True;;1;0;0
431;5534;corporatefinanceinstitute;com;;False;False;True;;1;0;0
432;5544;gib;gov.tr;;True;True;False;;1;0;0
433;5545;kongfz;com;;True;True;True;;1;0;0
434;5555;celine;com;;False;False;True;;1;0;0
435;5560;everydaykoala;com;;False;False;True;;1;0;0
436;5562;nipic;com;;False;False;True;;1;0;0
437;5565;livingsocial;com;;True;True;True;;1;0;0
438;5568;anahwa;com;;True;True;False;;1;0;0
439;5586;xvideos2;com;;True;True;True;;1;0;0
440;5600;7movierulz;ag;;True;True;True;;1;0;0
441;5604;ccn;com;;False;False;True;;1;0;0
442;5613;yalla-shoot-new;com;;True;True;False;;1;0;0
443;5627;guj5;xyz;;False;False;True;;1;0;0
444;5631;imzog;com;;True;True;False;;1;0;0
445;5653;khabarnama;net;;True;True;False;;1;0;0
446;5666;pptvhd36;com;;False;False;True;;1;0;0
447;5680;20minutes;fr;;True;True;False;;1;0;0
448;5681;upmedia;mg;;False;False;True;;1;0;0
449;5690;mybookie;ag;;True;True;True;;1;0;0
450;5713;taroot-rangi;com;;True;True;False;;1;0;0
451;5723;quicklisti;com;;False;False;True;;1;0;0
452;5731;sexseq;com;;True;True;False;;1;0;0
453;5734;verycd;com;;False;False;True;;1;0;0
454;5758;glosbe;com;;True;True;True;;1;0;0
455;5762;aglasem;com;;False;False;True;;1;0;0
456;5775;ubuntu;com;;True;True;False;;1;0;0
457;5785;rule34video;com;;True;True;False;;1;0;0
458;5806;mtv;com;;False;False;True;;1;0;0
459;5809;donanimhaber;com;;False;False;True;;1;0;0
460;5850;injuredcandy;com;;False;False;True;;1;0;0
461;5900;pussl18;com;;False;False;True;;1;0;0
462;5912;etudiant;gouv.fr;;True;True;True;;1;0;0
463;6005;cr447;xyz;;False;False;True;;1;0;0
464;6018;tubegalore;com;;False;False;True;;1;0;0
465;6033;linkvertise;com;;False;False;True;;1;0;0
466;6034;jbhifi;com.au;;False;False;True;;1;0;0
467;6035;olevod;com;;True;True;False;;1;0;0
468;6039;sergey-mavrodi;com;;True;True;True;;1;0;0
469;6048;newsd;co;;False;False;True;;1;0;0
470;6049;sketchfab;com;;False;False;True;;1;0;0
471;6052;stardewvalleywiki;com;;True;True;True;;1;0;0
472;6057;tamilrockers;tel;;False;False;True;;1;0;0
473;6061;bigbasket;com;;False;False;True;;1;0;0
474;6076;netacad;com;;True;True;True;;1;0;0
475;6079;espnfc;com;;False;False;True;;1;0;0
476;6106;thoughclassifiedjeff;com;;False;False;True;;1;0;0
477;6122;youtu;be;;False;False;True;;1;0;0
478;6125;webhostingtalk;com;;True;True;True;;1;0;0
479;6134;searchalgo;com;;False;False;True;;1;0;0
480;6135;bkrs;info;;False;False;True;;1;0;0
481;6177;all-free-download;com;;True;True;True;;1;0;0
482;6181;4movierulz;pl;;True;True;True;;1;0;0
483;6204;viralnova;com;;True;True;False;;1;0;0
484;6218;vavel;com;;True;True;False;;1;0;0
485;6227;diretta;it;;False;False;True;;1;0;0
486;6234;hdrezka;me;;True;True;True;;1;0;0
487;6241;simplilearn;com;;False;False;True;;1;0;0
488;6253;yeus;xyz;;False;False;True;;1;0;0
489;6262;ixl;com;;True;True;False;;1;0;0
490;6264;xmtrading;com;;False;False;True;;1;0;0
491;6272;dpreview;com;;False;False;True;;1;0;0
492;6274;sfwaa;com;;True;True;False;;1;0;0
493;6282;freefilefillableforms;com;;True;True;False;;1;0;0
494;6295;gazetadopovo;com.br;;True;True;False;;1;0;0
495;6305;zk;fm;;True;True;True;;1;0;0
496;6311;bestblackfriday;com;;True;True;True;;1;0;0
497;6360;wiocha;pl;;True;True;True;;1;0;0
498;6361;oreno-erohon;com;;True;True;True;;1;0;0
499;6362;perezhilton;com;;True;True;False;;1;0;0
500;6402;navyfederal;org;;False;False;True;;1;0;0
501;6409;uploading;com;;True;True;True;;1;0;0
502;6411;tcs;com;;False;False;True;;1;0;0
503;6421;serverfault;com;;True;True;True;;1;0;0
504;6445;ctitv;com.tw;;False;False;True;;1;0;0
505;6448;puma;com;;False;False;True;;1;0;0
506;6460;voachinese;com;;True;True;False;;1;0;0
507;6463;freeones;com;;False;False;True;;1;0;0
508;6473;xhamsterpremium;com;;True;True;False;;1;0;0
509;6485;interactivebrokers;com;;True;True;False;;1;0;0
510;6488;bseindia;com;;False;False;True;;1;0;0
511;6491;weheartit;com;;True;True;False;;1;0;0
512;6499;hochi;news;;True;True;True;;1;0;0
513;6527;ligueimovel;ao;;False;False;True;;1;0;0
514;6540;18183;com;;True;True;False;;1;0;0
515;6549;tuberel;com;;True;True;False;;1;0;0
516;6560;mobfactory;info;;False;False;True;;1;0;0
517;6564;empflix;com;;True;True;False;;1;0;0
518;6575;1plus1;video;;False;False;True;;1;0;0
519;6589;mycricketlive;live;;False;False;True;;1;0;0
520;6594;softfamous;com;;True;True;False;;1;0;0
521;6601;nhadatso;com;;True;True;True;;1;0;0
522;6602;xm;com;;False;False;True;;1;0;0
523;6616;jogos360;com.br;;True;True;False;;1;0;0
524;6618;dyndns;org;;True;True;True;;1;0;0
525;6637;doramatv;live;;False;False;True;;1;0;0
526;6643;onliner;by;;False;False;True;;1;0;0
527;6652;ellechina;com;;False;False;True;;1;0;0
528;6668;woothemes;com;;True;True;False;;1;0;0
529;6670;programiz;com;;True;True;False;;1;0;0
530;6672;slidesgo;com;;False;False;True;;1;0;0
531;6679;thegospelcoalition;org;;True;True;False;;1;0;0
532;6700;localgirldating;com;;True;True;False;;1;0;0
533;6702;naijaloaded;com.ng;;True;True;False;;1;0;0
534;6709;fashionnova;com;;False;False;True;;1;0;0
535;6711;dmhy;org;;False;False;True;;1;0;0
536;6720;hyves;nl;;True;True;False;;1;0;0
537;6739;tennessean;com;;False;False;True;;1;0;0
538;6746;ucloud;cn;;False;False;True;;1;0;0
539;6751;ic;net.cn;;False;False;True;;1;0;0
540;6773;pcworld;com;;False;False;True;;1;0;0
541;6778;her-news;com;;False;False;True;;1;0;0
542;6814;setareparsi;com;;False;False;True;;1;0;0
543;6823;russianfood;com;;False;False;True;;1;0;0
544;6875;mql5;com;;True;True;True;;1;0;0
545;6934;lauriegrowingdrops;com;;False;False;True;;1;0;0
546;7001;dontorrent;net;;True;True;False;;1;0;0
547;7004;coolmathgames;com;;False;False;True;;1;0;0
548;7009;trovi;com;;True;True;False;;1;0;0
549;7011;wapwon;com;;False;False;True;;1;0;0
550;7013;pleasedbeginparish;com;;False;False;True;;1;0;0
551;7016;educacao;mg.gov.br;;False;False;True;;1;0;0
552;7017;chefkoch;de;;True;True;True;;1;0;0
553;7018;usa;gov;;False;False;True;;1;0;0
554;7031;hibasport;com;;False;False;True;;1;0;0
555;7033;pornhost;com;;True;True;True;;1;0;0
556;7039;arvancloud;com;;True;True;True;;1;0;0
557;7040;dunia21;tv;;False;False;True;;1;0;0
558;7042;dicio;com.br;;True;True;True;;1;0;0
559;7044;bonanza;com;;False;False;True;;1;0;0
560;7048;gov;gov.uk;;True;True;True;;1;0;0
561;7054;alot;com;;False;False;True;;1;0;0
562;7065;jp;sharp;;False;False;True;;1;0;0
563;7071;ibtimes;co.uk;;True;True;False;;1;0;0
564;7073;pornhdvideos;net;;True;True;False;;1;0;0
565;7076;alarab;com;;False;False;True;;1;0;0
566;7090;fanpop;com;;False;False;True;;1;0;0
567;7097;thomann;de;;False;False;True;;1;0;0
568;7100;bunshun;jp;;True;True;True;;1;0;0
569;7114;gaoding;com;;False;False;True;;1;0;0
570;7124;hentai-time;com;;True;True;False;;1;0;0
571;7134;launchpage;org;;True;True;False;;1;0;0
572;7145;asg;to;;True;True;True;;1;0;0
573;7170;ces;tech;;False;False;True;;1;0;0
574;7178;gidonline;io;;True;True;False;;1;0;0
575;7179;liftable;com;;False;False;True;;1;0;0
576;7243;sopitas;com;;False;False;True;;1;0;0
577;7247;goodporn;to;;True;True;False;;1;0;0
578;7266;sxc;hu;;True;True;True;;1;0;0
579;7273;admtpmp127;com;;False;False;True;;1;0;0
580;7286;betterex;xyz;;False;False;True;;1;0;0
581;7306;check24;de;;True;True;True;;1;0;0
582;7308;mbank;com.pl;;True;True;False;;1;0;0
583;7333;schema;org;;False;False;True;;1;0;0
584;7335;justindianporn;me;;True;True;True;;1;0;0
585;7359;spyfu;com;;True;True;False;;1;0;0
586;7374;covidvisualizer;com;;False;False;True;;1;0;0
587;7384;dreamhost;com;;True;True;False;;1;0;0
588;7411;belgium;be;;True;True;True;;1;0;0
589;7440;todayhumor;co.kr;;True;True;True;;1;0;0
590;7445;ibtimes;com;;True;True;False;;1;0;0
591;7453;4udear;com;;False;False;True;;1;0;0
592;7457;5i8xkqjmqubv;top;;False;False;True;;1;0;0
593;7475;hongkiat;com;;False;False;True;;1;0;0
594;7484;themoviedb;org;;True;True;False;;1;0;0
595;7519;pornmedium;com;;True;True;True;;1;0;0
596;7523;apherald;com;;True;True;False;;1;0;0
597;7536;twindiversity;com;;False;False;True;;1;0;0
598;7541;chime;aws;;False;False;True;;1;0;0
599;7556;seobook;com;;True;True;False;;1;0;0
600;7563;pingone;com;;False;False;True;;1;0;0
601;7567;microcenter;com;;True;True;True;;1;0;0
602;7591;tv-links;eu;;True;True;False;;1;0;0
603;7592;nyaa;eu;;False;False;True;;1;0;0
604;7596;moviesjoy;to;;False;False;True;;1;0;0
605;7597;books;com.tw;;True;True;True;;1;0;0
606;7603;storyblocks;com;;False;False;True;;1;0;0
607;7634;chittorgarh;com;;False;False;True;;1;0;0
608;7635;unblocked;dk;;False;False;True;;1;0;0
609;7640;6movierulz;com;;True;True;True;;1;0;0
610;7642;citibank;co.in;;False;False;True;;1;0;0
611;7646;jamaran;news;;True;True;False;;1;0;0
612;7652;letpub;com.cn;;True;True;False;;1;0;0
613;7663;gamingwonderland;com;;True;True;False;;1;0;0
614;7671;01net;com;;False;False;True;;1;0;0
615;7678;sidereel;com;;False;False;True;;1;0;0
616;7692;plugrush;com;;False;False;True;;1;0;0
617;7697;falafelandcaviar;com;;False;False;True;;1;0;0
618;7702;almashhad-alyemeni;com;;True;True;False;;1;0;0
619;7703;financialexpress;com;;False;False;True;;1;0;0
620;7718;anyporn;com;;True;True;False;;1;0;0
621;7722;serebii;net;;True;True;False;;1;0;0
622;7729;1movierulz;com;;True;True;True;;1;0;0
623;7737;how01;com;;True;True;False;;1;0;0
624;7791;pretagteam;com;;False;False;True;;1;0;0
625;7803;molodgytot;biz;;False;False;True;;1;0;0
626;7811;razer;com;;False;False;True;;1;0;0
627;7821;browserquote;com;;False;False;True;;1;0;0
628;7841;jra;go.jp;;True;True;False;;1;0;0
629;8004;buedemusica;com;;True;True;True;;1;0;0
630;8036;ilna;news;;True;True;False;;1;0;0
631;8041;iconfinder;com;;False;False;True;;1;0;0
632;8052;plesk;com;;False;False;True;;1;0;0
633;8069;thespruce;com;;True;True;False;;1;0;0
634;8072;lollipop-network;com;;False;False;True;;1;0;0
635;8106;mostkbal;com;;False;False;True;;1;0;0
636;8119;7movierulz;sk;;True;True;True;;1;0;0
637;8128;theringer;com;;True;True;False;;1;0;0
638;8131;bhj1;xyz;;False;False;True;;1;0;0
639;8139;powerschool;com;;False;False;True;;1;0;0
640;8148;xxxhdvideo;mobi;;True;True;False;;1;0;0
641;8151;astercom;top;;False;False;True;;1;0;0
642;8156;aufeminin;com;;False;False;True;;1;0;0
643;8169;marieclaire;com.tw;;False;False;True;;1;0;0
644;8176;jmcomic;asia;;True;True;True;;1;0;0
645;8177;fortinet;com;;True;True;True;;1;0;0
646;8185;basketball24;com;;False;False;True;;1;0;0
647;8194;alriyadh;news;;False;False;True;;1;0;0
648;8204;porn24;tv;;True;True;False;;1;0;0
649;8216;technorati;com;blog;FALSCH;FALSCH;FALSCH;;1;0;0
650;8217;milenio;com;;False;False;True;;1;0;0
651;8233;afternic;com;;True;True;True;;1;0;0
652;8237;justporno;tv;;True;True;False;;1;0;0
653;8243;er;ru;;False;False;True;;1;0;0
654;8270;prweb;com;;True;True;False;;1;0;0
655;8287;999;md;;True;True;False;;1;0;0
656;8296;sexkbj;com;;True;True;False;;1;0;0
657;8311;egotastic;com;;True;True;False;;1;0;0
658;8324;proquest;com;;True;True;True;;1;0;0
659;8341;ah-me;com;;True;True;False;;1;0;0
660;8345;wikimapia;org;;True;True;False;;1;0;0
661;8355;bank-zone;com;;False;False;True;;1;0;0
662;8380;jiayuan;com;;True;True;True;;1;0;0
663;8388;wkzf;com;;False;False;True;;1;0;0
664;8389;canaltutorial;com;;True;True;False;;1;0;0
665;8406;natro;com;;True;True;False;;1;0;0
666;8413;cp;pt;;False;False;True;;1;0;0
667;8417;hellporno;com;;True;True;True;;1;0;0
668;8442;altibbi;com;;False;False;True;;1;0;0
669;8450;nbg;gr;;False;False;True;;1;0;0
670;8473;brstej;com;;True;True;True;;1;0;0
671;8474;ct10000;com;;False;False;True;;1;0;0
672;8477;anysex;com;;False;False;True;;1;0;0
673;8491;eurovision;tv;;True;True;False;;1;0;0
674;8506;hentaihaven;xxx;;True;True;False;;1;0;0
675;8514;folkd;com;;True;True;True;;1;0;0
676;8518;wowprogress;com;;False;False;True;;1;0;0
677;8520;khoondanionline;com;;False;False;True;;1;0;0
678;8526;movies2watch;tv;;False;False;True;;1;0;0
679;8528;3bmeteo;com;;True;True;True;;1;0;0
680;8530;sportzbonanza;com;;False;False;True;;1;0;0
681;8539;kmart;com;;False;False;True;;1;0;0
682;8565;fillsitsy;cam;;False;False;True;;1;0;0
683;8568;yingjiesheng;com;;True;True;False;;1;0;0
684;8587;websiteseochecker;com;;True;True;False;;1;0;0
685;8593;movistarplus;es;;False;False;True;;1;0;0
686;8605;mayoclinic;com;;False;False;True;;1;0;0
687;8619;sbi;co.in;;True;True;True;;1;0;0
688;8622;healthdata;org;;True;True;True;;1;1;1
689;8623;markosweb;com;;True;True;False;;1;0;0
690;8637;coolors;co;;False;False;True;;1;0;0
691;8638;hotpoptoday;com;;False;False;True;;1;0;0
692;8653;tickld;com;;False;False;True;;1;0;0
693;8674;iq;com;;False;False;True;;1;0;0
694;8699;bradesco;com.br;;True;True;False;;1;0;0
695;8724;5movierulz;tc;;True;True;True;;1;0;0
696;8740;mmbang;com;;True;True;True;;1;0;0
697;8761;jiomart;com;;True;True;True;;1;0;0
698;8762;fzg360;com;;True;True;True;;1;0;0
699;8765;dontorrent;lol;;True;True;False;;1;0;0
700;8773;tuasaude;com;;False;False;True;;1;0;0
701;8775;alsbbora;com;;True;True;True;;1;0;0
702;8776;ovh;com;;True;True;True;;1;0;0
703;8796;kizi;com;;False;False;True;;1;0;0
704;8807;al-marsd;com;;True;True;False;;1;0;0
705;8811;tagdiv;com;;False;False;True;;1;0;0
706;8833;imna;ir;;False;False;True;;1;0;0
707;8887;ryzex;net;;False;False;True;;1;0;0
708;8921;1xbet-164837;top;;False;False;True;;1;0;0
709;8945;jomys;xyz;;False;False;True;;1;0;0
710;8989;royal;uk;;True;True;False;;1;0;0
711;9003;senate;gov;;True;True;True;;1;0;0
712;9016;filgoal;com;;False;False;True;;1;0;0
713;9085;statmyweb;com;;False;False;True;;1;0;0
714;9281;tweaktown;com;;False;False;True;;1;0;0
715;9420;exceptingincludedelivering;com;;False;False;True;;1;0;0
716;9424;babyshop;com;;True;True;False;;1;0;0
717;9427;unblocked;nz;;False;False;True;;1;0;0
718;9447;kuai8;com;;True;True;False;;1;0;0
719;9467;cima4u;life;;False;False;True;;0;0;0
720;9533;freesion;com;;True;True;False;;1;0;0
721;9574;archlinux;org;;True;True;True;;1;0;0
722;9598;andcareyo;biz;;False;False;True;;1;0;0
723;9600;molebeagleheadless;com;;False;False;True;;1;0;0
724;9646;masslistener;com;;False;False;True;;1;0;0
725;9649;news-sphere;com;;False;False;True;;1;0;0
726;9651;utoronto;ca;;True;True;True;;1;0;0
727;9674;nflstreams;to;;False;False;True;;1;0;0
728;9683;diagrams;net;;False;False;True;;1;0;0
729;9706;cryptoplace;pro;;False;False;True;;1;0;0
730;9707;luxuretv;com;;False;False;True;;1;0;0
731;9731;suite101;com;;False;False;True;;1;0;0
732;9883;default-search;net;;True;True;False;;1;0;0
733;10006;eadingenered;pro;;False;False;True;;1;0;0
734;10020;onemanga;com;;True;True;True;;1;0;0
735;10028;manga9;co;;True;True;False;;1;0;0
736;10033;yyets;com;;True;True;False;;1;0;0
737;10076;icij;org;;True;True;False;;1;0;0
738;10083;radiotimes;com;;False;False;True;;1;0;0
739;10091;shentai;org;;False;False;True;;1;0;0
740;10092;searchengines;guru;;False;False;True;;1;0;0
741;10159;tigerdirect;com;;True;True;False;;1;0;0
742;10163;7movierulz;cc;;True;True;True;;1;0;0
743;10184;auchan;fr;;True;True;False;;1;0;0
744;10203;letassigne;club;;False;False;True;;1;0;0
745;10206;govome;com;;False;False;True;;1;0;0
746;10212;heroturko;org;;False;False;True;;1;0;0
747;10219;weaplay;com;;False;False;True;;1;0;0
748;10221;coulderlyy;website;;False;False;True;;1;0;0
749;10223;tovima;gr;;False;False;True;;1;0;0
750;10225;wn;com;;True;True;True;;1;0;0
751;10226;bina;az;;False;False;True;;1;0;0
752;10227;kino;to;;False;False;True;;1;0;0
753;10256;grella;click;;False;False;True;;1;0;0
754;10268;al-maraabimedias;net;;True;True;True;;1;0;0
755;10277;mocah;org;;True;True;False;;1;0;0
756;10284;torrentwiz1;com;;False;False;True;;1;0;0
757;10289;moretify;com;;False;False;True;;1;0;0
758;10326;sufficulumcu;top;;False;False;True;;1;0;0
759;10352;tu;tv;;False;False;True;;1;0;0
760;10371;letyshops;com;;False;False;True;;1;0;0
761;10399;latam;com;;False;False;True;;1;0;0
762;10411;gbfile;com;;False;False;True;;1;0;0
763;10417;maturetubehere;com;;True;True;False;;1;0;0
764;10432;mmamania;com;;True;True;False;;1;0;0
765;10434;trafficunit;in;;False;False;True;;1;0;0
766;10450;worldbank;org;;True;True;True;;1;0;0
767;10454;angovagas;net;;True;True;True;;1;0;0
768;10455;kwork;com;;False;False;True;;1;0;0
769;10492;dontorrent;fun;;True;True;False;;1;0;0
770;10513;hearthstonetopdecks;com;;False;False;True;;1;0;0
771;10519;turkmenistanhabar;com;;False;False;True;;1;0;0
772;10540;investorplace;com;;False;False;True;;1;0;0
773;10552;stagram;com;;True;True;True;;1;0;0
774;10555;dygang;com;;True;True;False;;1;0;0
775;10599;123movies;co;;True;True;True;;1;0;0
776;10604;aps;org;;False;False;True;;1;0;0
777;10609;loveplanet;ru;;False;False;True;;1;0;0
778;10624;yts-subs;com;;True;True;False;;1;0;0
779;10634;velsoftwa;club;;False;False;True;;1;0;0
780;10638;planetsuzy;org;;False;False;True;;1;0;0
781;10641;cashstar;com;;True;True;True;;1;0;0
782;10647;vijesti;ba;;True;True;False;;1;0;0
783;10651;neosportek8;com;;False;False;True;;1;0;0
784;10652;badjojo;com;;False;False;True;;1;0;0
785;10655;influencermarketinghub;com;;False;False;True;;1;0;0
786;10673;porntop;com;;True;True;True;;1;0;0
787;10684;fosshub;com;;True;True;False;;1;0;0
788;10686;earthday;org;;True;True;False;;1;0;0
789;10688;bmony;space;;False;False;True;;1;0;0
790;10689;naijanews;com;;True;True;True;;1;0;0
791;10692;mojnews;com;;False;False;True;;1;0;0
792;10709;deutsche-bank;de;;True;True;False;;1;0;0
793;10720;yoo7;com;;False;False;True;;1;0;0
794;10725;bottegaveneta;com;;False;False;True;;1;0;0
795;10726;autoproyecto;com;;True;True;False;;1;0;0
796;10727;ecrater;com;;True;True;True;;1;0;0
797;10729;slideplayer;com.br;;True;True;True;;1;0;0
798;10735;notebookcheck;net;;True;True;True;;1;0;0
799;10749;movierulzfree;com;;True;True;True;;1;0;0
800;10776;instant-gaming;com;;True;True;True;;1;0;0
801;10790;football3;ir;;True;True;True;;1;0;0
802;10793;xxxcomics;org;;True;True;False;;1;0;0
803;10799;colorado;edu;;False;False;True;;1;0;0
804;10830;m5zn;com;;True;True;False;;1;0;0
805;10835;seb;se;;False;False;True;;1;0;0
806;10839;vietxx;org;;True;True;False;;1;0;0
807;10846;watchseries;cr;;False;False;True;;1;0;0
808;10875;avaxhome;ws;;False;False;True;;1;0;0
809;10907;grumbleoh;com;;False;False;True;;1;0;0
810;10925;filmstreaming2;com;;False;False;True;;1;0;0
811;10962;websta;me;;False;False;True;;1;0;0
812;10972;snickgainfulmuch;com;;False;False;True;;1;0;0
813;11003;qwant;com;general;True;True;False;;1;1;1
814;11065;znzmo;com;;False;False;True;;1;0;0
815;11084;filmibeat;com;;False;False;True;;1;0;0
816;11085;3file;info;;False;False;True;;1;0;0
817;11095;mybeautylands;com;;True;True;True;;1;0;0
818;11109;gobookee;net;;False;False;True;;1;0;0
819;11117;santander;co.uk;;True;True;False;;1;0;0
820;11177;metbugat;gov.tm;;False;False;True;;1;0;0
821;11190;subf2m;co;;True;True;True;;1;0;0
822;11199;surveyflsh;click;;False;False;True;;1;0;0
823;11227;niksalehi;com;;False;False;True;;1;0;0
824;11232;forosdelweb;com;;False;False;True;;1;0;0
825;11295;jmcomic;mobi;;True;True;True;;1;0;0
826;11306;textile;gov.tm;;False;False;True;;1;0;0
827;11452;messyster;biz;;False;False;True;;1;0;0
828;11508;oureviewi;club;;False;False;True;;1;0;0
829;11601;islcollective;com;;False;False;True;;1;0;0
830;11732;fishcod;com;;False;False;True;;1;0;0
831;11754;ficanportio;biz;;False;False;True;;1;0;0
832;11794;fmovies;wtf;;True;True;True;;1;1;1
833;11806;skat;dk;;False;False;True;;1;0;0
834;11850;inis;ao;;False;False;True;;1;0;0
835;11975;foxcdn;life;;False;False;True;;1;0;0
836;11992;mediaoffers;click;;False;False;True;;1;0;0
837;11996;nyc;gov;;True;True;True;;1;0;0
838;12011;btcmanager;com;;False;False;True;;1;0;0
839;12016;domestika;org;;True;True;True;;1;0;0
840;12017;seoclerk;com;;True;True;True;;1;0;0
841;12029;1001jogos;pt;;True;True;True;;1;0;0
842;12038;jacquielawson;com;;True;True;False;;1;0;0
843;12051;thairath;co.th;;False;False;True;;1;0;0
844;12067;taskthesa;club;;False;False;True;;1;0;0
845;12073;misrjournal;com;;True;True;True;;1;0;0
846;12078;life;ru;;False;False;True;;1;0;0
847;12083;comicat;org;;False;False;True;;1;0;0
848;12088;yhdmw;com;;True;True;False;;1;0;0
849;12091;123greetings;com;;True;True;False;;1;0;0
850;12092;dygod;net;;True;True;False;;1;0;0
851;12101;sportsala;com;;False;False;True;;1;0;0
852;12107;thegudda;com;;True;True;False;;1;0;0
853;12110;eyourcom;fun;;False;False;True;;1;0;0
854;12117;deferscoop;com;;False;False;True;;1;0;0
855;12122;wgu;edu;;True;True;False;;1;0;0
856;12132;tronglyre;club;;False;False;True;;1;0;0
857;12138;teamliquid;net;;True;True;False;;1;0;0
858;12146;dunia21;com;;False;False;True;;1;0;0
859;12150;moe;gov.cn;;True;True;True;;1;0;0
860;12151;maandhave;biz;;False;False;True;;1;0;0
861;12154;recommendationletters;pro;;False;False;True;;1;0;0
862;12181;bdpcc;com;;True;True;False;;1;0;0
863;12182;2checkout;com;;False;False;True;;1;0;0
864;12193;9to5mac;com;;True;True;False;;1;0;0
865;12200;levi;com;;False;False;True;;1;0;0
866;12211;lassuranceretraite;fr;;False;False;True;;1;0;0
867;12239;xataka;com;;False;False;True;;1;0;0
868;12241;nationwide;co.uk;;False;False;True;;1;0;0
869;12243;kbhgames;com;;True;True;False;;1;0;0
870;12255;podbean;com;;True;True;False;;1;0;0
871;12276;lenglishiam;biz;;False;False;True;;1;0;0
872;12299;jsoftj;com;;False;False;True;;1;0;0
873;12300;thevintagenews;com;;True;True;False;;1;0;0
874;12316;gaymaletube;com;;False;False;True;;1;0;0
875;12327;giggsyunited;com;;False;False;True;;1;0;0
876;12348;angola24horas;com;;False;False;True;;1;0;0
877;12371;ntv;ru;;False;False;True;;1;0;0
878;12395;amateur8;com;;True;True;False;;1;0;0
879;12421;leninetudo;com;;False;False;True;;1;0;0
880;12425;5movierulz;tv;;True;True;True;;1;0;0
881;12435;fgov;be;;True;True;True;;1;0;0
882;12464;sourcecodester;com;;False;False;True;;1;0;0
883;12473;msdmanuals;com;;False;False;True;;1;0;0
884;12474;javdb36;com;;True;True;True;;1;0;0
885;12477;bauhaus;info;;True;True;True;;1;0;0
886;12483;oomall;com;;False;False;True;;1;0;0
887;12497;sciencemag;org;;True;True;True;;1;0;0
888;12503;anentryle;club;;False;False;True;;1;0;0
889;12535;clubic;com;;False;False;True;;1;0;0
890;12556;irrawaddy;com;;False;False;True;;1;0;0
891;12564;virgool;io;;True;True;True;;1;0;0
892;12566;decolar;com;;False;False;True;;1;0;0
893;12570;parsijoo;ir;local;FALSCH;FALSCH;FALSCH;;1;0;0
894;12581;ac-versailles;fr;;True;True;False;;1;0;0
895;12584;patagonia;com;;False;False;True;;1;0;0
896;12598;anightsregalia;cam;;False;False;True;;1;0;0
897;12603;dygang;cc;;True;True;False;;1;0;0
898;12619;ftc;gov;;True;True;True;;1;0;0
899;12629;joemonster;org;;True;True;False;;1;0;0
900;12636;pearsonvue;com;;False;False;True;;1;0;0
901;12639;bjeea;cn;;False;False;True;;1;0;0
902;12642;balenciaga;com;;False;False;True;;1;0;0
903;12643;4movierulz;tv;;True;True;True;;1;0;0
904;12650;onlyfreetoonporn;com;;False;False;True;;1;0;0
905;12663;slashgear;com;;False;False;True;;1;0;0
906;12670;povar;ru;;True;True;True;;1;0;0
907;12686;unza;zm;;True;True;True;;1;0;0
908;12687;trendymalldeals;com;;True;True;False;;1;0;0
909;12691;distemshu;biz;;False;False;True;;1;0;0
910;12692;jetboobs;com;;True;True;False;;1;0;0
911;12695;infocert;it;;True;True;False;;1;0;0
912;12697;dafiti;com.br;;False;False;True;;1;0;0
913;12703;tax;gov.uk;;True;True;True;;1;0;0
914;12714;hotsale;com.ar;;False;False;True;;1;0;0
915;12721;asianembed;io;;True;True;True;;1;0;0
916;12728;futebolplayhd;com;;True;True;False;;1;0;0
917;12731;legifrance;gouv.fr;;True;True;True;;1;0;0
918;12732;mychicconsulting;es;;False;False;True;;1;0;0
919;12733;bloodyelbow;com;;True;True;False;;1;0;0
920;12742;futemax;live;;True;True;False;;1;0;0
921;12745;limetorrents;pro;;True;True;False;;1;0;0
922;12751;manualslib;com;;True;True;False;;1;0;0
923;12764;byrutor;com;;True;True;False;;1;0;0
924;12778;thenextweb;com;;False;False;True;;1;0;0
925;12796;justice;gov;;True;True;True;;1;0;0
926;12818;americanmilitarynews;com;;True;True;True;;1;0;0
927;12864;soverthlaest;space;;False;False;True;;1;0;0
928;12892;simplyhired;com;;False;False;True;;1;0;0
929;12958;podregarddomicile;com;;True;True;False;;1;0;0
930;12983;xgap;tv;;True;True;False;;1;0;0
931;12992;forexmetatradexdx;info;;False;False;True;;1;0;0
932;12995;tvsubtitles;net;;False;False;True;;1;0;0
933;13055;zooplus;it;;False;False;True;;1;0;0
934;13138;reptilefightearn;com;;False;False;True;;1;0;0
935;13140;lo;st;;True;True;True;;1;0;0
936;13193;sandmyre;club;;False;False;True;;1;0;0
937;13205;programmersought;com;;True;True;False;;1;0;0
938;13402;alison;com;;True;True;False;;1;0;0
939;13445;100ppi;com;;True;True;False;;1;0;0
940;13446;imovie-hd;com;;True;True;True;;1;0;0
941;13464;tailorbrands;com;;True;True;False;;1;0;0
942;13471;understandingharmoniousillegal;com;;False;False;True;;1;0;0
943;13485;ants;gouv.fr;;False;False;True;;1;0;0
944;13512;musicasparamissa;com.br;;True;True;False;;1;0;0
945;13532;nios;ac.in;;False;False;True;;1;0;0
946;13536;cooch;tv;;True;True;False;;1;0;0
947;13566;putlockers;co;;True;True;True;;1;0;0
948;13627;vodafone;de;;False;False;True;;1;0;0
949;13644;dilidili;name;;False;False;True;;1;0;0
950;13647;sciencealert;com;;False;False;True;;1;0;0
951;99999;9gag;com;social-media;;;;;1;1;1
952;99999;adzuna;co.uk;career;;;;;1;1;1
953;99999;answers;com;question-answering;;;;;1;1;1
954;99999;args;me;question-answering;FALSCH;FALSCH;FALSCH;;1;1;1
955;99999;askmenow;com;question-answering;;;;No search found in web archive;0;0;0
956;99999;base-search;net;education;;;;base (bielefeld academic search engine);1;1;1
957;99999;biglobe;ne.jp;local;;;;;1;1;1
958;99999;blinkx;com;video;;;;;1;1;1
959;99999;books.google;com;education;;;;Part of google.com;0;0;0
960;99999;brave;com;general;;;;;1;1;1
961;99999;business;com;business;;;;;1;1;1
962;99999;chatnoir;eu;general;FALSCH;FALSCH;FALSCH;;1;1;1
963;99999;chegg;com;education;;;;;1;1;1
964;99999;chemrefer;com;science;;;;;1;1;1
965;99999;citeab;com;science;;;;;1;1;1
966;99999;dice;com;career;;;;;1;1;1
967;99999;dogpile;com;meta-search;;;;;1;1;1
968;99999;ebi;ac.uk;science;;;;;1;1;1
969;99999;egerin;com;local;;;;;1;1;1
970;99999;ehow;com;question-answering;;;;;1;1;1
971;99999;evi;com;semantic-web;;;;Discontinued;0;0;0
972;99999;findsounds;com;audio;;;;Discontinued;0;0;0
973;99999;fireball;de;local;;;;;1;1;1
974;99999;genieknows;com;business;;;;;1;1;1
975;99999;gigablast;com;general;;;;;1;1;1
976;99999;glassdoor;com;career;;;;;1;1;1
977;99999;globalspec;com;business;;;;;1;1;1
978;99999;goo;ne.jp;local;;;;;1;1;1
979;99999;indeed;com;career;;;;;1;1;1
980;99999;info;com;meta-search;;;;;1;1;1
981;99999;jobstreet;com.sg;career;;;;;1;1;1
982;99999;kelkoo;co.uk;shopping;;;;;1;1;1
983;99999;kiddle;co;child-safe;;;;;1;1;1
984;99999;kidzsearch;com;child-safe;;;;;1;1;1
985;99999;leit;is;local;;;;;1;1;1
986;99999;loc;gov;education;;;;library of congress;1;1;1
987;99999;lycos;com;general;;;;;1;1;1
988;99999;metacrawler;com;meta-search;;;;;1;1;1
989;99999;metager;org;meta-search;;;;;1;1;1
990;99999;miner;hu;local;;;;;1;1;1
991;99999;mojeek;com;general;;;;;1;1;1
992;99999;monster;com;career;;;;;1;1;1
993;99999;munax;com;multimedia;;;;Discontinued;0;0;0
994;99999;music.amazon;com;audio;;;;Part of amazon.com;1;1;1
995;99999;mysimon;com;shopping;;;;https://www.kelkoo.de/suche?;1;1;1
996;99999;najdi;si;local;;;;;1;1;1
997;99999;naukri;com;career;;;;;1;1;1
998;99999;ncbi;nlm.nih.gov;science;;;;National Library of Medicine;1;1;1
999;99999;netflix;com;video;;;;;1;1;1
1000;99999;news.google;com;news;;;;Other search format then google;1;1;1
1001;99999;news.yahoo;com;news;;;;Part of yahoo.com;0;0;0
1002;99999;newsandmoods;com;news;;;;News&Moods;1;1;1
1003;99999;newslookup;com;news;;;;;1;1;1
1004;99999;nextag;de;shopping;;;;;1;1;1
1005;99999;omgili;com;forum;;;;;1;1;1
1006;99999;petalsearch;com;general;;;;;1;1;1
1007;99999;picsearch;com;image;;;;;1;1;1
1008;99999;pixsta;com;multimedia;;;;Visual search;0;0;0
1009;99999;podscope;com;audio;;;;;1;1;1
1010;99999;pricegrabber;com;shopping;;;;;1;1;1
1011;99999;pricerunner;com;shopping;;;;;1;1;1
1012;99999;pronto;com;shopping;;;;;1;1;1
1013;99999;qmamu;com;local;;;;;1;1;1
1014;99999;quora;com;question-answering;;;;Excluded from internet archive;0;0;0
1015;99999;rambler;ru;local;;;;;1;1;1
1016;99999;recipebridge;com;recipes;;;;;1;1;1
1017;99999;rediff;com;shopping;;;;;1;1;1
1018;99999;rozee;pk;career;;;;;1;1;1
1019;99999;sapo;pt;local;;;;;1;1;1
1020;99999;scholar.google;com;science;;;;Part of google.com;1;1;1
1021;99999;search.ch;ch;local;;;;;1;1;1
1022;99999;seeqpod;com;multimedia;;;;"Discontinued; Query not stored in URL";0;0;0
1023;99999;semanticscholar;org;science;;;;;1;1;1
1024;99999;seznam;cz;local;;;;;1;1;1
1025;99999;shodan;io;computer;;;;;1;1;1
1026;99999;shopping;com;shopping;;;;;1;1;1
1027;99999;shopzilla;com;shopping;;;;;1;1;1
1028;99999;songza;fm;audio;;;;;1;1;1
1029;99999;sourceforge;net;code;;;;;1;1;1
1030;99999;swisscows;com;general;;;;;1;1;1
1031;99999;thomasnet;com;business;;;;;1;1;1
1032;99999;tineye;com;image;;;;"Image search; Queries are not stored in URL";0;0;0
1033;99999;v.qq;com;video;;;;Tencent Video;1;1;1
1034;99999;veveo;net;conversational;;;;Discontinued;0;0;0
1035;99999;walla;co.il;local;;;;;1;1;1
1036;99999;wazap;com;gaming;;;;;1;1;1
1037;99999;webcrawler;com;general;;;;;1;1;1
1038;99999;webmd;com;medical;;;;;1;1;1
1039;99999;wordpress.org/openverse;"""""";open-content;;;;;1;1;1
1040;99999;yellowpages;com;general;;;;;1;1;1
1041;99999;you;com;general;;;;;1;1;1
1042;99999;youdao;com;general;;;;;1;1;1
1043;99999;yummly;com;recipes;;;;;1;1;1
1044;99999;zalando;de;shopping;;;;;1;1;1
